"RegionName","State","Metro","CountyName","SizeRank","2010-02","2010-03","2010-04","2010-05","2010-06","2010-07","2010-08","2010-09","2010-10","2010-11","2010-12","2011-01","2011-02","2011-03","2011-04","2011-05","2011-06","2011-07","2011-08","2011-09","2011-10","2011-11","2011-12","2012-01","2012-02","2012-03","2012-04","2012-05","2012-06","2012-07","2012-08","2012-09","2012-10","2012-11","2012-12","2013-01","2013-02","2013-03","2013-04","2013-05","2013-06","2013-07","2013-08","2013-09","2013-10","2013-11","2013-12","2014-01","2014-02","2014-03","2014-04","2014-05","2014-06","2014-07","2014-08","2014-09","2014-10","2014-11","2014-12","2015-01","2015-02","2015-03","2015-04","2015-05","2015-06","2015-07","2015-08","2015-09","2015-10","2015-11","2015-12","2016-01","2016-02","2016-03","2016-04","2016-05","2016-06","2016-07","2016-08","2016-09","2016-10","2016-11","2016-12","2017-01","2017-02","2017-03","2017-04","2017-05","2017-06","2017-07","2017-08","2017-09"
"New York","NY","New York","Queens",1,,,,2250,2350,2250,2307.5,2450,2500,2450,2400,2200,2150,2400,2500,2500,2330,2300,2400,2300,2350,2400,2400,2400,2450,2495,2500,2500,2500,2500,2550,2595,2600,2600,2600,2595,2650,2602,2650,2695,2700,2630,2650,2700,2700,2649,2600,2600,2600,2600,2600,2650,2640,2300,2250,2291,2250,2250,2200,2200,2250,2295,2350,2350,2300,2221,2300,2300,2250,2200,2200,2195,2199,2200,2250,2300,2350,2325,2307,2398,2500,2400,2195,2250,2300,2300,2349,2350,2375,2360,2400,2400
"Los Angeles","CA","Los Angeles-Long Beach-Anaheim","Los Angeles",2,,,,,,,,,1262.5,1267.5,1352.5,1297.5,1331.5,1350,1359.5,1385,1395,1350,1302.5,1290,1250,1240,1199,1275,1350,1395,1395,1420,1399,1395,1395,1450,1508,1500,1430,1450,1574,1587,1550,1550,1550,1475,1450,1495,1502.5,1350,1522,1495,1485,1450,1495,1581,1598.5,1650,1695,1700,1750,1722,1765,1755,1795,1795,1750,1795,1800,1800,1800,1850,1850,1850,1849,1980,1995,2010.5,2018,2000,1995,1958,1938.5,1995,1913,1925,1850,1964,2000,2095,2050,2050,2095,2144,2100,2100
"Chicago","IL","Chicago","Cook",3,,,,,,,,,1355,1355,1397.5,1220,1265,1250,1276,1295,1375,1335.5,1300,1325,1315,1325,1375,1395,1334,1275,1250,1325,1388,1400,1400,1464,1500,1476,1500,1500,1600,1500,1550,1584,1600,1585,1591,1566,1544,1588.5,1644,1620,1545,1505,1495,1495,1535,1636,1515,1672,1700,1650,1495,1600,1660,1500,1500,1510,1500,1477,1486,1645,1723,1800,1717,1675,1736,1595,1545,1527,1500,1480,1487,1499,1500,1550,1550,1525,1500,1495,1495,1495,1495,1495,1505,1595
"Houston","TX","Houston","Harris",4,,,,,,,,,,,,,,,,,,,,,,,,,,,,,,,,,,,,,,,,,,,,,,1260,1119.5,1225,1125,1074,1105,1214,1216,1235,1200,1229.5,1245,1184,1199,1190,1200,1200,1225,1235,1233,1238,1229,1244,1249,1359.5,1359,1375,1295,1329,1305,1299,1290,1250,1199,1239,1182,1145,1175,1210,1247,1265,1271,1275,1250,1242,1255,1263
"Philadelphia","PA","Philadelphia","Philadelphia",5,,,,,,,,,1257.5,1270,1291,1295,1295,1285,1250,1195,1170,1100,1050,1050,985,975,972,967.5,1100,1150,1240,1195,1225,1200,1180,1100,1150,1100,1080,1050,1200,1150,1150,1204,1125,1150,1100,1225,1200,1250,1250,1050,1075,1050,1100,1295,1295,1250,1250,1195,1200,1150,1120,1100,1100,1200,1280,1250,1245,1195,1215,1190,1177.5,1250,1197.5,1225,1200,1270,1299,1350,1299,1299,1300,1287,1329,1295,1335,1292.5,1340,1364,1390,1420,1395,1395,1400,1395
"Phoenix","AZ","Phoenix","Maricopa",6,,,,,,,,580,585,571,549.5,619.5,629,648,644.5,595,597,599,625,647,625,620,595,595,640,665,650,650,664,675,690,699,700.5,693,679.5,669,669,670,666,665,656,661,655,662.5,650,642,650,700,699,690,700,677,695,678.5,700,697,700,680.5,700,700,720,742,740,740,750,750,753,775,780,820,888,875,859.5,897,856,850,941,850,870.5,879,849.5,823,812,899.5,956.5,1118.5,1175,1095,1079,995,969,965
"Las Vegas","NV","Las Vegas","Clark",7,,,,,,,,,630.5,627.5,625,650,650,650,750,850,772.5,700,700,700,650,625,649,615,632,645.5,600,599,625,625,625,638,650,630,625,625,625,640,650,680,700,699,675,650,650,670,700,675,675,675,690,700,695,719.5,725,750,750,759,779,775,795,795,779.5,782.5,800,809,818,797,786,825,879,859,847,875,852.5,845,880,825,871.5,850,845,845,855,850,910,915,927.5,904,904,915,933,895
"San Antonio","TX","San Antonio","Bexar",8,,,,,,,,,,,,652.5,595,595,597,595,600,640,647,650,639,670,675,686,715,730,695,685,679,675,724,725,700,708,694.5,710,713,734,750,730,731,729,750,760,775,775,790,799,800,800,800,775,795,785,787.5,780,775,780,789,785,790,778,770,775,775,783,794.5,795,800,850,850,825,819,849,825,800,820,804,820,834,790,802,775,810,835,838,850,909,899,886,882,895
"San Diego","CA","San Diego","San Diego",9,,,,,,,,,,,,1262.5,1250,1225,1281,1250,1250,1350,1400,1450,1450,1300,1300,1350,1325,1360.5,1295,1295,1330,1300,1300,1350,1325,1333,1350,1340,1350,1355,1350,1346,1330,1300,1350,1375,1325,1250,1399.5,1450,1395,1380,1450,1625,1600,1595,1650,1600,1650,1677,1649.5,1690,1710,1650,1695,1695,1705,1735,1785,1800,1780.5,1749,1752.5,1750,1750,1760,1754,1700,1695,1850,1725,1825,1695,1715,1675,1750,1790,1800,1830.5,1870,1850,1886,1855,1870
"Dallas","TX","Dallas-Fort Worth","Dallas",10,,,,,,,,,,,,,,1040.5,1000,975,995,975,895,895,835,790,900,870,865,945,875,989,1015,975,937,1025,1011,1030,1075,1147,1059,1083,1083,1028,1098,1100,1050,1095,1112,1150,1159,1179,1144,1136,1164,1150,1177,1147,1115,1120,1150,1199,1198,1160,1130,1120,1158.5,1150,1168,1200,1200,1234,1200,1199,1199,1209,1259,1277,1250,1245,1265,1269,1242,1310,1275,1250,1210,1300,1290,1309,1306,1310,1319,1325,1350,1327
"San Jose","CA","San Jose","Santa Clara",11,,,,,,,,,,,,,,,,,,,,,,,,,,,,,,,,,,1675,1650,1589,1600,1650,1586.5,1635,1550,1783,1735.5,1785,1738.5,1776,2011,1995,1972,1955,2057,2043,2070,2223,2196,2310,2315,2300,2317,2335,2340,2340,2425,2450,2500,2580,2617,2555,2530,2535,2529,2550,2544,2530,2470,2440,2440.5,2500,2387.5,2398,2327,2321,2338,2430,2434,2450,2485,2495,2506,2492.5,2463,2460
"Jacksonville","FL","Jacksonville","Duval",12,,,,,,,,,650,625,668,700,725,725,725,725,725,695,695,700,720,725,715,700,695,700,706,725,725,715,695,675,695,695,750,790,799,811,811,813,815,845,850,860,860,860,860,870,870,870,875,875,885,880,880,885,890,895,895,895,895,895,899,900,925,852.5,834,825,825,850,840,871.5,900,900,896,900,900,895,900,884,895,845,875,890,897,929,950,983.5,985,995,960,975
"San Francisco","CA","San Francisco","San Francisco",13,,,,,,,,,,,,,1967.5,1964,2000,2150,2100,2397.5,2550,2750,2615,2675,2445,2598.5,2658.5,2650.5,2600,2695,2755,2753,2655,2707.5,2747,2750,2800,2799,2774,2800,2845,3000,2990,2993.5,2964.5,2937.5,2899,2995,3032.5,3100,3000,2995,3050,3252,3295,3270,3327,3350,3379,3380,3417,3495,3500,3495,3500,3500,3595,3495,3559,3527.5,3500,3495,3402.5,3629,3632,3600,3600,3606.5,3510,3450,3325,3300,3200,3200,3100,3212.5,3295,3295,3300,3350,3395,3400,3356,3300
"Indianapolis","IN","Indianapolis","Marion",14,,,,,,,,,,,,,,,,,,,,649.5,625,520,595,625,632,600,550,539,525,550,552.5,580,580,580,554,549.5,569,580,569.5,578.5,540,540,550,590,597,570,565,548,535,530,550,565,565,565,565,575,580,571,564.5,560,575,599,659,669,659,667,649,699,699,725,710,710,709,729,739.5,770,729,739,716,765,729.5,765,750,775,750,780,828,750,749.5,775,744,722
"Austin","TX","Austin","Travis",15,,,,,,,,,,,,,925,897.5,895,950,897.5,860,830,842.5,869.5,920,895,905,930,940,925,945,925,895,862,925,915,908,884,860,880,859,875,874,876,895,900,922,948,995,997,999,975,1050,1104,1010,1000,1035,1030,1040,1036,1075,1010,1010,1045,1024,1065,1020,1020,1045,1066,1085,1088.5,1079,1090,1090,1090.5,1109,1099,1077.5,1095,1065,1075,1081.5,1040,1019,990,1070,1099,1099,1130,1158,1125,1118,1115,1101.5
"Fort Worth","TX","Dallas-Fort Worth","Tarrant",16,,,,,,,,,,,,,,,,,,,666,650,649.5,617,619,650,699,699,665,672,700,699,710,700,700,694,699,700,699,708,707,735,726,727,702,749,737,670,751,793,776,776,835,800,801.5,773,777,759,790,830,850,877.5,925,920,901.5,899,869,871,943.5,932,979.5,953,954,950,960.5,997,988,1027,1008,983,1050,1040,968.5,1005,938,1030,1025,1078,1210,1169,1214,1209,1219.5,1220
"Detroit","MI","Detroit","Wayne",17,,,,,,,,,,,,,,,,,,,,,,475,500,525,520,525,525,525,500,500,500,525,525,525,500,500,500,525,500,500,500,500,500,530,530,525,500,500,525,507.5,500,529.5,550,525,550,550,525,525,550,550,550,550,550,534,534,525,525,500,517.5,520,525,525,535,545,550,545,550,625,650,550,555,550,575,599.5,550.5,567.5,602.5,627,600,600,600,600
"Columbus","OH","Columbus","Franklin",18,,,,,,,,,,,,,,,,,,,,,,,,,,,,,,,,,,530,549,549,580,569,595,599,599,560,565,525,525,535,550,569,575,575,645,650,629.5,649,709,672,629,599,649,699,699,699,722.5,759,758.5,779,775,767,659,669,735,749,749,750,735,797,820,814,850,794,850,758.5,800,729,765.5,775,825,878,849.5,890,881,815
"Memphis","TN","Memphis","Shelby",19,,,,,,,,,,,,985,850,742,800,750,759,725,679,680,742.5,695,650,632.5,656,622,654,659.5,597,602,648,640,627,691,665,645,679,695,685,650,640,635,625,625,625,597.5,595,563,575,550,591,595,595,602,600,595,597,625,625,650,633,640,720,654,647.5,625,639.5,654.5,707,735.5,698.5,698.5,736,836,850,771,727,673,700,678,640,685,667,660.5,645,729,750,795,790,792.5,815,775
"Charlotte","NC","Charlotte","Mecklenburg",20,,,,,,,,,,,,,,,,,,,,,,,,,,,,,,,,,,,,,,,,,,,,,995,925,925,950,939,919,937,1000,1055,1000,1030,980,995,995,999.5,1075,1044,1044,1070,1085,1043,1060,1050,1070,1070,1069,1025,1074,1209,1273,1192.5,1212,1235,1260,1160,1271.5,1259,1200,1160,1241,1179,1250.5,1259,1190,1200,1157,1175,1195
"El Paso","TX","El Paso","El Paso",21,,,,,,,,,,,,,,,,,,,,,,,,,,,550,550,550,547.5,622,587.5,495,495,550,575,575,594,600,600,611.5,600,591,575,575,550,577,550,550,525,525,525,525,525,605,602.5,605,650,580,585,617,675,675,675,618.5,613,575,550,530,595,569,588,590,600,608,645,595,608,618,560,567,597,570.5,565,569,550,550,550,560,550,550,550
"Boston","MA","Boston","Suffolk",22,,,,,,,,,,,,1925,1850,1750,1675,1645,1650,1750,1850,2150,2198,2200,2100,1895,1800,1835,1800,1850,1800,1850,1900,2195,2050,2200,2200,2100,2000,1950,1950,1925,1950,2000,2000,2050,2100,2100,2095,2000,1975,1975,1995,1975,1995,1975,1995,1975,2022.5,2100,2100,2100,2100,2030,2050,2050,2027.5,2075,2100,2100,2150,2165,2150,2100,2050,2025,2000,2000,2000,1985,2000,1995,2100,2050,2100,2075,2000,1950,2000,2000,2000,2000,2050,2100
"Seattle","WA","Seattle","King",23,,,,,,,,,,,,1050,1091.5,1035,1072.5,1100,1195,1185,1187.5,1057.5,1107.5,1100,1098.5,1100,1150,1200,1250,1250,1320,1295,1300,1395,1430,1435,1425,1395,1450,1452,1450,1450,1445,1486,1477.5,1545,1483.5,1495,1559.5,1500,1495,1495,1550,1640,1695,1725,1706,1715,1660.5,1650,1645,1670,1701,1708,1708.5,1705,1714.5,1739,1750,1754,1739.5,1745,1739,1749,1757,1815,1800,1865,1805,1730,1825,1825,1795,1750,1725,1799,1897,1947,1980,2018.5,2000,2039,2020,2005
"Baltimore","MD","Baltimore","Baltimore City",24,,,,,,,,,,,,,,,,,,,,,,,,,,,,,,,,,,,,,,,,,,,,,,,,,,,,,,,,,1044.5,1050,1150,1100,1137,1225,1100,1100,1121,1200,1182,1150,1097.5,1100,1075,1050,1120,1150,1226,1174,1174.5,1125,1120,1187.5,1250,1115,1122.5,1150,1251.5,1250,1197,1350,1275,1300,1400,1499
"Denver","CO","Denver","Denver",25,,,,,,,,,,,,,,,,,,,,,,,950,925,961,1050,1056,1046,1050,1007.5,1055,1095,1095,1055,1099.5,1049,1114.5,1100,1125,982.5,987.5,1059,1100,1050,1055,1078.5,1220,1195,1163.5,1137,1200,1250,1225,1325,1399,1434,1395,1435,1417,1428.5,1452.5,1434,1450,1450,1475,1481,1500,1500,1465,1461,1455,1441,1450,1426.5,1388,1410,1400,1399,1494.5,1404.5,1320,1315,1329,1350,1384,1525,1585.5,1582.5,1566,1586,1595,1597
"Washington","DC","Washington","District of Columbia",26,,,,,,,,1887.5,1950,1950,2007.5,2091,2095,1990,2015,1962.5,2000,2200,2450,2395,2400,2252.5,2246,2279,2240,2269,2285,2305,2345,2324.5,2319,2320,2295,2300,2300,2305,2288.5,2261,2240,2118.5,2100,2090,2200,2100,2063,2099,2055,2100,2100,2040,2042,2095,2095,2100,2128,2099,2100,2100,2100,2100,2108,2150,2100,2100,2110.5,2146,2140,2180,2162.5,2156.5,2180.5,2175,2180,2175,2185,2190,2185,2090,2152.5,2150,2140,2059,2061.5,2125,2140,2200,2189,2235,2275,2280,2300,2275
"Nashville","TN","Nashville","Davidson",27,,,,,,,,,,,,,,,,,,,,,,,,,,,,,,,,,,,,,,,,,,,,,,,,,,,,,,,1006,1125,1150,1288,1250,1150,1250,1300,1275,1295,1149.5,1146,1281,1349.5,1365,1408,1367.5,1415,1399.5,1399,1390,1445,1495,1565,1400,1500,1395,1595,1540,1560,1495,1565,1600,1550,1500,1534,1527.5,1579
"Milwaukee","WI","Milwaukee","Milwaukee",28,,,,,,,,,,,,,,,,,,,,,,,,,,,,,,,,,,,,,,,,,,,,,,,,,,,,,,,,,,,,,,,,,,,,,,,,,,,,,775,837,735,825,750,750,765,765,786.5,795,815,784,775,775,795,785
"Tucson","AZ","Tucson","Pima",29,,,,,,,,,,,,467.5,495,495,550,525,500,500,507.5,525,500,499,500,509,509,500,522.5,535.5,525,520,529,510.5,510,515,515,509,520,515,499.5,499,495,500,500,475,495,475,475,488,495,499.5,520,500,525,500,525,525,515,525,515,505,525,525,525,527,529,535,525,524,525,600,554,555,550,555,550,550,525,567,575,535,551.5,555.5,581,569,600,600,595,625,625,629,608,599
"Portland","OR","Portland","Multnomah",30,,,,,,,,,,,,,,,,,,,,,,,,,,,,,,,,,,,,,,,,,,,,,,,,,,,,,,,,,,,,,,,,,,,,,,,1618,1575.5,1650,1625,1615,1600,1550,1546,1500,1550,1450,1400,1395,1465.5,1490,1502,1605,1598,1565,1594,1580,1561
"Oklahoma City","OK","Oklahoma City","Oklahoma",31,,,,,,,,,,,,,,,,,,,,,,,,,,,,,,,,,,,,,,,,,,,,,,,,,,,,,,,,,,,,,,,,,,,,,,,,,,,,745.5,749.5,730,750,775,710,690,676,675,705,700,750,750,747.5,735,737,739
"Omaha","NE","Omaha","Douglas",32,,,,,,,,,,,,,,,,,,,,525,525,539,550,539,552,575,575,579,575,575,595,625,625,600,599,605,619.5,650,630,628,622.5,678,639,695,750,695,612.5,695,699,695,705,697.5,700,685,697,695,675,600,700,715,747.5,792.5,755,740,745,735,750,765,750,765,769,750,759,757,755,750,750,745,735,757,790,782.5,675,775,785,815,850,850,830,875,850,908
"Albuquerque","NM","Albuquerque","Bernalillo",33,,,,,,,,,,,,,,,,,,,,,,,,,,,,586,599,600,640,650,625,610,620,610,605,625,625,627.5,610,600,600,600,594,560.5,589,565,549,547,566.5,575,575,594,595,583,615,595,595,595,612.5,595,593,662.5,660,659,670,660,652.5,660,700,750,704,738,739.5,752.5,658,658,658,658.5,627.5,658,646,650,689,669,675,702,699,689.5,675,699
"Fresno","CA","Fresno","Fresno",34,,,,,,,,,,,,,,,,,,,,,,,,,,,,,,,,,,,,,,,,,,,,,,,,,,,,,,,,,,,,,,,,,,,,,,,,,525,525,500,500,500,525,600,597.5,600,595,597,628,625,625,614.5,650,650,650,650,650
"Sacramento","CA","Sacramento","Sacramento",35,,,,,,,,,,,,,,,,,695,750,695,710,699,675,690,692,689,695,695,685,693,689,775,795,800,887.5,848.5,770,849.5,790,806.5,750,730,750,760,750,750,750,750,750,750,750,760,775,775,780,795,795,800,825,795,795,825,845,857,872.5,895,895,949.5,935,915,950,996,1016,975,950,1000,1110,1025,1000,1025,1030,1050,1095,1025,1150,1195,1195,1195,1195,1195,1125,1275,1150
"Mesa","AZ","Phoenix","Maricopa",36,,,,,,,,,,,,,,,,,,,549,549,559,564,575,577.5,590,599.5,599,619,581,555,575,595,599,599,599,593,590,599,609.5,595,595,599,599,600,597,609,625,625,637.5,680,684,611,650,667,620,599,600,602,597,596,609,625,634,639.5,642.5,639,632.5,625,647.5,650,719,690,695,715,695,686,707.5,755,699.5,770,700,729.5,750,769.5,816,786.5,800,837,820,805,745,780
"Long Beach","CA","Los Angeles-Long Beach-Anaheim","Los Angeles",37,,,,,,,,,,,,,1145,1147.5,987.5,995,975,1145,1125,985,895,900,925,995,995,1050,1000,995,995,995,1025,995,1025,1067.5,1045,1050,1065,1095,1065,1050,1050,1070,1085,1025,1000,1000,995,995,975,975,975,1082.5,1075,1045,1100,1050,1047.5,1050,1095,1100,1100,1100,1195,1195,1150,1100,1197.5,1250,1195,1250,1320,1295,1300,1372.5,1350,1350,1375,1400,1450,1400,1350,1295,1395,1425,1450,1400,1425,1495,1500,1500,1495,1450
"Kansas City","MO","Kansas City","Jackson",38,,,,,,,,,,,,,,,,,849,895,800,800,725,750,797,699,689,705,629,600,600,595,575,597.5,600,602.5,605,597,615,615,615,635.5,615,640,645,650,753.5,785,685,699,675,697,695,715,650,689,678,675,675,662,685,676,715,715,735,730,739.5,725,750,729.5,725,715,720,726.5,815,785,819,819,837,800,786,855,850,776.5,850,892.5,889.5,850,848,925,894,882,895,874
"Atlanta","GA","Atlanta","Fulton",39,1095,1080,1100,1100,1200,1200,1050,1000,1050,1065,1000,1050,1100,1075,1150,1150,1150,1085,1089,1050,1012.5,1040,1085.5,1015,1005,1009,1000,1010,1037.5,1060,995,992,991.5,955,915,949.5,927,1003.5,1060,1100,1120,1100,1134,1174,1180,1135,1160,1150,1150,1162,1200,1222,1205,1200,1243.5,1289,1250,1241,1235,1250,1292.5,1300,1300,1300,1365,1365,1386.5,1400,1380,1370,1357,1376,1359,1392,1409,1398,1439,1409,1420,1395,1405,1364,1353.5,1395,1415,1420,1420,1450,1453.5,1469,1460,1472
"Miami","FL","Miami-Fort Lauderdale","Miami-Dade",40,1550,1500,1550,1500,1500,1450,1450,1650,1600,1575,1600,1600,1600,1600,1580,1600,1600,1600,1650,1650,1650,1692.5,1700,1700,1700,1700,1700,1700,1700,1750,1710,1700,1700,1700,1750,1750,1800,1800,1800,1800,1850,1900,1900,1850,1850,1850,1850,1850,1850,1850,1825,1850,1900,1900,1900,1900,1900,1869,1892.5,1850,1900,1925,1950,2000,2000,2000,2000,2000,2000,2000,2000,2000,2000,2000,2000,1999,1950,1950,1900,1950,1900,1950,1900,1900,1900,1920,1950,1950,1950,1950,1950,1950
"Oakland","CA","San Francisco","Alameda",41,,,,,,,,,,,,,,,,,,,,,,,,,,,,,,,,,,,,,,,,,,,,,,,,,,,,,,,,,,,,,,,1895,2000,1950,2200,2280,2200,2195,2275,2300,2297.5,2300,2200,2295,2250,2285,2295,2295,2479.5,2250,2200,1997.5,2095,2101,2100,2100,2150,2095,2200,2195,2250
"Tulsa","OK","Tulsa","Tulsa",42,,,,,,,,,,,,,,,,,,,,,,,,,,,,,,,,,,,,,,,,,,,,,,,,,,,,,,,,,,,,,,,,,,,,,,,700,645,585,595,595,609,661,613,675,652,560,644,648,650,615,601.5,585,604,621.5,634,632.5,625
"Honolulu","HI","Urban Honolulu","Honolulu",43,,,,,,,,,,,,,,,,,,,,1650,1500,1500,1500,1500,1500,1550,1550,1500,1525,1550,1500,1614,1550,1697,1797,1650,1650,1700,1790,1773.5,1797,1650,1722.5,1750,1550,1600,1650,1625,1602.5,1600,1620,1750,1750,1700,1650,1650,1650,1700,1900,1850,2000,2000,2000,1950,1900,1900,1850,1800,1800,1800,1800,1800,1750,1800,1867,1897.5,1750,1650,1700,1695,1712.5,1600,1700,1650,1799,1800,1800,1797.5,1800,1750,1775,1800
"Minneapolis","MN","Minneapolis-St Paul","Hennepin",44,,,,,,,,,,,,,,,,,,,,,,,,,,,,,,,,,,,,,,,,,1400,1375,1415,1475,1295,1295,1200,1195,1250,1250,1295,1295,1295,1200,1325,1325,1300,1235,1212.5,1275,1275,1325,1325,1340,1395,1375,1425,1460,1475,1475,1425,1445,1440,1424,1437.5,1435,1350,1350,1415,1445,1457,1380,1307.5,1399,1399,1450,1395,1550,1550,1512.5,1565,1578
"New Orleans","LA","New Orleans","Orleans",45,,,,,,,,,,,,,,,,,,,,,,,,,,,,,,,,,,,,,,,,,,,,,,,,,,,,,,,,,,,1250,1162.5,1050,1150,1250,1372.5,1300,1400,1375,1350,1275,1250,1250,1285,1325,1295,1288,1275,1300,1200,1200,1295,1200,1250,1250,1280,1280,1300,1300,1300,1250,1250,1250,1200
"Arlington","TX","Dallas-Fort Worth","Tarrant",46,,,,,,,,,,,,,,,,,,,,535.5,550,539,525,539,562.5,578.5,575,600,585,565,566,585,599,601,595,591,595,611,615,626,615,603,630,649.5,620,599,642,665,648.5,650,649,668,669,665,665,672.5,671,665,665,651,650,710,750,732,730,750,778,780,765,805,834,802.5,808.5,822,813,790,785,812,820,850,845,775,820,804.5,817.5,835,852.5,904.5,976,980,960,908.5
"Raleigh","NC","Raleigh","Wake",47,,,,,,,,,,,,,,,,,648,644,675,714.5,749,756,735,790,775,760,795,815,786,770,775,768,745,716.5,727,708,719,735,765,799,801,797,827.5,840.5,805,767.5,799,809,819,799,799,800,822,799.5,819,825,834.5,762.5,835,805,830,832.5,822.5,855,855.5,841.5,915,900,930,1080,1069,1099,1075,1143.5,1120,1120,1137,1120,1086,1099,1174.5,965,1019,1075,1015,1025,1029,1063,1097,1079,1095,1065
"Wichita","KS","Wichita","Sedgwick",48,,,,,,,,,,,,,,,,,,,,,,,,,,,,,,,,,,,,,,,,,,,,,,,,,,,,,,,,,,,595,577,550,525,525,567,525,495,479,487,475,500,495,471,465,472,479,485,500,535,510,490,525,550,547.5,624.5,575,607.5,634.5,625,625,599,575,595
"Tampa","FL","Tampa","Hillsborough",49,,,,,,,,,,,,,,,,,,,,,,,,,,,,,,,,,,,,,,,,,,,,,,,,,,,,,,,,,,,,,,,,,,,,,,,,,,,,,,,,,1149,1150,1200,1300,1300,1295,1300,1275,1250,1265,1350,1365
"Anaheim","CA","Los Angeles-Long Beach-Anaheim","Orange",50,,,,,,,,,,,,,,,,,,1277.5,1250,1125,1050,1174.5,1129,1135,1135,1144.5,1150,1140,1125,1135,1139.5,1135,1140,1150,1155,1140,1152.5,1157.5,1153,1170,1170,1165,1175,1175,1155,1220,1337.5,1212.5,1200,1195,1224,1260,1250,1250,1267.5,1290,1245,1262.5,1285,1250,1285,1300,1332.5,1372.5,1425,1452.5,1540,1482.5,1550,1585,1653,1682,1600,1615,1621,1650,1801,1883,1677.5,1758.5,1660,1655.5,1638.5,1656,1782,1782,1808,1844,1779,1700,1797,1850
"Santa Ana","CA","Los Angeles-Long Beach-Anaheim","Orange",51,,,,,,,,,,,,,,,,,,,,,,,,,,,,,,,,,,,,,,,,,,,,,,,,,,,,,,,,,,,,,,,,,,,,,,,,,1657.5,1695,1682.5,1635,1781,1751,1605,1601,1549,1595,1603.5,1592,1550,1590,1614,1620,1612.5,1637.5,1871,1885
"Saint Louis","MO","St. Louis","Saint Louis City",52,,,,,,,,,,,,550,555,550,550,540,550,537.5,495,525,550,595,595,600,599.5,595,599,700,677,650,675,599,599,599,599,595,635,625,648,597,575,600,595,575,600,625,625,577.5,625,622.5,650,595,600,599,650,675,650,625,695,725,728,700,750,750,725,700,699.5,700,675,695,667.5,675,695,725,750,725,750,725,695,725,697.5,695,729.5,725,690,787.5,795,800,795,795,795,765
"Corpus Christi","TX","Corpus Christi","Nueces",53,,,,,,,,,,,,,,,,,,,,,,,,,,,,,,,,,,,,,,,,,,,,,,,,,800,809,895,895,850,825,805,877,834,800,850,805,795.5,800,797.5,775,772,772,800,802.5,880,916,939,964.5,897.5,879,907.5,939,859,869,880,909,779,800,887,790,873,850,869,850,929,975,987,1008.5
"Cincinnati","OH","Cincinnati","Hamilton",54,,,,,,,,,,,,,,,,,,,,,,,,,,,,,,,,,,,,,,,,,,,,,,,,522.5,510,550,550,550,595,545,570,550,550,545,550,550,550,595,595,600,600,595,595,597.5,595,675,645,620,625,665,700,699.5,670,672.5,675,720,735,750,740,700,750,750,775,775,775,790,875,1010
"Riverside","CA","Riverside","Riverside",55,,,,,,,,,,,,,,,,,,,,,850,805,810,897.5,871,851,815,825,825,850,825,825,852.5,908,895,877,875,855,855,825,795,810,800,775,797.5,832,825,800,800,800,850,895,857.5,875,895,865,872.5,925,879,887,910,980,1095,1139,1117.5,1120,1090,1115,1050,1130,1175,1175,1175,1186,1172.5,1180,1007.5,1050,1065,1075,1050,1072.5,1073,1182.5,1195,1207.5,1287,1306,1295,1330,1297.5,1310
"Marietta","GA","Atlanta","Cobb",56,,,,,,,,,,,,,,,,,,,,,,,,,,,,,,,,,,,,,,,,,,,,,,,,,,,,,753,775,759.5,799.5,884,800,866,933,868,850,868,882.5,885,885,900,897.5,857.5,870,890,882.5,888.5,893,851,855,874.5,858.5,800,825,825,855,819,860,885,899,849,857.5,899,899,894.5,972.5
"Anchorage","AK","Anchorage","Anchorage",57,,,,,,,,,,,,,,,,,,,,,,,,,,,,,,,,,,,,,,,,,,,,,,,,,,,,,995,945,975,1000,927.5,1020,950,950,979.5,989.5,995,970,975,935,945,975,919,925,975,972.5,972.5,995,950,995,900,975,975,900,950,900,980,949.5,912.5,895,895,950,950,900,925,950
"Saint Paul","MN","Minneapolis-St Paul","Ramsey",58,,,,,,,,,,,,,,,,,,,,,,,,,,,,,,,,,,,,,,,,,,,,,,,,,,,,,,,,,,,,,,,,,,,,,,,,,1250,1225,1035,1095,1035,1035,1096.5,1103.5,1097,1040,1000,1162.5,1150,1105,1075.5,1243,1277,1225,1260,1215
"Silver Spring","MD","Washington","Montgomery",59,,,,,,,,,,,,,,,,,,,,1400,1162,1287.5,1336,1270,1272.5,1448,1483,1560,1560,1570,1620,1630,1649,1575,1617.5,1625.5,1593,1605,1575,1548.5,1580,1535,1563.5,1415,1520,1480,1550,1595,1580,1585,1585,1580,1627.5,1660,1650,1635,1632.5,1575,1600,1625,1655,1615,1613,1605,1564,1560,1574,1564,1570,1514.5,1497.5,1544,1550,1532.5,1544,1560,1536.5,1515,1505,1595,1470,1495,1541,1493,1553,1555,1550,1584,1640,1627,1623,1650
"Lexington","KY","Lexington","Fayette",60,,,,,,,,,,,,,,,,,,,,,615,640,635,620,615,630,655,635,650,655,635,640,640,645,590,592.5,640,650,655,654,654.5,615,586,575,614.5,685,607,585,605,605,625,665,665,727.5,759,728.5,715,667.5,677.5,652,630,642.5,685,719,719.5,719,719,720,645,730,735,735,736,730.5,722,733.5,744.5,795,748.5,745,745,674,732,755,714,700,700,709,720,749,732,761
"Tallahassee","FL","Tallahassee","Leon",61,,,,,,,,,,,,,,,,,,,,,,,625,650,658.5,685,620,650,650,742.5,710,650,685,734.5,625,650,672,699,695,695,652,595,550,525,499,542,525,550,550,550,550,550,550,550,499,550,550,550,550,560,550,575,595,595,595,600,599.5,607.5,550,550,625,625,625,625,650,625,625,615,585,640,630.5,675,657.5,710,658.5,650,695,745,829,849,800,724
"Plano","TX","Dallas-Fort Worth","Collin",62,,,,,,,,,,,,,,,,794,799,796.5,755,794,770,775,800,810,793.5,804,815,788,790.5,823,807,810,840,830,843,883,874.5,854,858,891,899,882.5,874.5,889,905,904,899,899.5,892,904,925,929,968.5,946,927,904,890,939,951,967,930,920,952,960,980,1005,1026,1007.5,1039,1039.5,1035,1025,1050,1069,1039,1064,1080,1070,1085,1199.5,1129,1085,1070,1090.5,1109,1131,1135,1129,1170,1155,1155.5,1151
"Buffalo","NY","Buffalo","Erie",63,,,,,,,,,,,,,,,,,,,,,,,,,,,,,,,,,,,,,,,,,,,,,,,,,,,,,,,,,,,,,,,,,,,,,,,,1255,1200,1260,1290,1255,1137.5,975,862.5,933,785,850,750,800,825,895,900,895,850,850,800,800
"Chandler","AZ","Phoenix","Maricopa",64,,,,,,,,,,,,,,,,,,720,725,722,729,749,749,779,749,779.5,774,779,758,766,776,787,790,791,784,784,780,771.5,764.5,769,777,782,778,777,792,780,789,805,815,812,820,825,817.5,812.5,825,820,839,850,825,859.5,849.5,844.5,864,881,892,891,899,892,895,965,950,965,955,985,1000,975,966.5,1009.5,964.5,965,945,1011,923,963.5,941,1000,1000,987,986,1000,1072,1005
"Louisville","KY","Louisville/Jefferson County","Jefferson",65,,,,,,,,,,,,,,,,,,,,,,,,,,,,,,,,,,,,,,,750,666,650,667,699,700,675,695,687.5,675,750,750,800,920,800,850,790,750,700,715,730,710,699,695,695,700,750,700,729,700,710,740,700,725,725,751,751,750,775,850,750,775,747.5,750,756,795,805,800,795,800,816,850,849,825
"Henderson","NV","Las Vegas","Clark",66,,,,,,,,,,,,,,,,,,,,,,,,,,,,,,,,,,,,,,,,,,,,,,,,,,,,,,,,,,,,,,,,,,,,,,,,,,,,,,,,,914,940,925,999,970,1001,1055,1030,1003,999.5,1040,1060
"Jersey City","NJ","New York","Hudson",67,,,,,,,,,,,,,,,,,,,,,,,,,,,2100,2000,1915,1895,1850,1970,2200,2080,2250,2200,2117.5,2015,1960,1995,2056,2022.5,2005,1977.5,1950,2000,2040,1977.5,1890,1800,1850,1950,1920,1960,2000,1900,1900,1700,1750,1925,2000,1950,2000,1980,2000,2075,2112.5,2100,2146,2140,2172.5,2100,2075,2000,2000,1950,2000,2110,2000,2125,1975,2100,1925,2100,2000,2150,2110,2250,2212,2300,2350,2350
"Lubbock","TX","Lubbock","Lubbock",68,,,,,,,,,,,,,,,,,,,,,,,,,,,,,,,,,,,,,,,,,,,,,,,,,,,,,,,,,,,,,551,635,635,635,635,608,616,559,558,579,575,575,599.5,600,575,581,580,600,579,578,584.5,516,565,600,559.5,612.5,600,624,600,600,585,550
"Durham","NC","Durham","Durham",69,,,,,,,,,,,,,,,,,,,,,,,,,,,,,,,,,,,,,,,,,,,,,,,,,,,,,,,,,,,,,,,,,,,,,,,1091,1074.5,1074,1132,1065,1079,1101,1015.5,1135,1085,970,970,1009,971,979,960,963,1030,975,1062,1082,1015.5
"Orlando","FL","Orlando","Orange",70,,,,,,,,,,635,610,717.5,700,700,725,700,700,700,750,750,750,775,775,775,775,781,789,800,800,800,800,765,800,795,790,800,795,810,799,837.5,800,825,825,819,819,825,825,825,825,819,825,855,850,833.5,850,875,850,834,862,877,860,890,908.5,900,875,945.5,970,977,1010,1059,1065,1050,1015,1012,1039,1050,1050,1070,1050,1101,1072.5,1035,1053,1089,1060,1064,1082,1115.5,1161,1188,1179,1166
"Saint Petersburg","FL","Tampa","Pinellas",71,,,,,,,,,,,,,,,,,,,,,684.5,716.5,697.5,730,650,681,700,699,684,689,707,767,769,774,750,702,750,750,735,695,665,682,682,700,710,700,707,700,700,700,700,712,747,740,729,750,750,750,750,750,800,795,762,795,835,802,797,800,800,864,839,829,872.5,895,895,892,925,995,895,857.5,825,795,849,850,895,935,950,1035,995,950,970,947.5
"Greensboro","NC",,"Guilford",72,,,,,,,,,,,,,,,,,,,,,,,,519,537.5,549,550,529,550,560,550,625,583,579,589,576,596,586,573,574,599.5,592.5,583.5,630,565,575,565,565,565,550,550,572,575,575,575,550,562.5,587.5,607.5,615,595,575,575,550,575,575,599,605,587,599,625,626,627,610,656,637,629,659,638,599,699.5,635,637,625,667.5,694,660,710.5,702.5,686,707.5,730
"Lincoln","NE","Lincoln","Lancaster",73,,,,,,,,,,,,,,,,,,,,,,,,,,,,,,,,,675,677.5,690,700,705,705,695,715,702.5,690,715,730,732.5,722.5,715,715,715,690,707.5,747.5,725,745,750,715,720,750,750,730,730,715,727.5,750,757,780,790,775,750,735,750,744.5,750,782.5,800,800,730,727,750,755,770,802.5,795,775,750,760,755,800,799,857.5,829,890
"Corona","CA","Riverside","Riverside",74,,,,,,,,,,,,,,,,,,,,,,,,1095,1047,1060,1025,1035,1025,1070,1037.5,1076,1017.5,1050,1040,1012.5,1010,995,975,950,1020,1005,1050,1085,1095,1065.5,1100,1100,1100,1100,1100,1104.5,1120,1150,1145,1150,1145,1195,1172.5,1100,1100,1125,1140,1212.5,1242.5,1185.5,1230,1195,1200,1156,1229,1260,1186,1297,1304.5,1238,1259,1320,1288,1336,1286,1250,1308.5,1414.5,1357,1403,1428.5,1514,1533,1535,1595,1731
"Chula Vista","CA","San Diego","San Diego",75,,,,,,,,,,,,,,,,,,,,,,,,,,,,,,,,,,,,,,,,,,,,,,,,,,,,,,,,,,,,,,,,,,,,,,,,,1390,1340,1395,1437.5,1560,1711,1629,1590,1596.5,1549,1584.5,1505,1523,1560,1690.5,1659,1721,1711.5,1718,1720.5
"Madison","WI","Madison","Dane",76,,,,,,,,,,,,,,,,,,,,,,,,,,,,,,,,,,,,,,,,,,,,,,,,,,,,,,,,,,,,,,,,,,,,,,,,,,,,1035,995,1015,995,1080,925,925,950,882.5,990,1095,1100,1075,1045,1050,1040,962
"Garland","TX","Dallas-Fort Worth","Dallas",77,,,,,,,,,,,,,,,,,,,,,,,,,,,,,,,,,,,,,,,,,,,,,,,,766,727.5,725,670,661,657.5,678.5,685,685,662,666,650,665.5,677,706.5,739,742.5,759,759,738,744,727.5,803,777,910,950,935,1010,950,935,932.5,935,979,862,945,922.5,992,917.5,977.5,910,1005,1011,967,961,975
"Fort Myers","FL","Fort Myers","Lee",78,,,,,,,,,,,,,,,,,650,650,650,675,625,645,600,595,650,650,610,650,650,650,650,650,650,669,645,649,630,683.5,689.5,690.5,679,675,622,625,650,650,701,682,683.5,685,700,716.5,730.5,774,782.5,775,800,797,752,788,800,843.5,840,800,845,850,876,880,899,899,920,932.5,933,941,955,936.5,972,1007,950,1054,922.5,895,925,950,949.5,1023.5,1012,978.5,1000,968,937,950
"Knoxville","TN","Knoxville","Knox",79,,,,,,,,,,,,,,,,,,,,,,,,,,,,,,,,,,,,,,,,,,,,,,,,,,,,,,,,,,,,,,,,,,,,,,,,,,,,,,,,,629,650,675,625,650,677.5,700,689,729,715,719,745
"Fremont","CA","San Francisco","Alameda",80,,,,,,,,,,,,,,,,,,,,,,,,,1352,1354,1375,1380,1440,1332.5,1400,1412.5,1532,1525,1585,1493.5,1610,1671,1585,1563,1563,1575,1737,1637.5,1695,1700,1719,1700,1679,1835,1846,1921.5,1900,1985,1876.5,1945,1926,1917,1928.5,1850,2004.5,2016,2179,2162.5,2198,2163.5,2211,2199,2127,2185,2143,2200,2211,2216,2182.5,2241,2260,2277,2110.5,2176,2109,2100,2125.5,2125,2095,2137,2185,2303,2249.5,2248.5,2228,2201
"Springfield","MO","Springfield","Greene",81,,,,,,,,,,,,,,,,,,,,,414,404,392.5,405,405,450,412.5,400,417.5,417.5,415,435,432.5,432.5,435,434.5,444.5,450,435,450,450,450,450,450,425,449,449,450,425,440,449,450,475,475,450,450,450,450,450,475,475,475,475,475,450,450,450,450,455,485,459,459,495,495,495,495,497.5,450,500,475,495,495,495,495,500,495,500,500,495,500,495,495
"Arlington","VA","Washington","Arlington",82,,,,,,,,,,,,,,,,,,,,,,2180,2145,2049.5,2053.5,2100,2125,2100,2145,2140,2115,2095,2092,2053,2080,2052.5,1953.5,1975,1999,1958,1995,1936.5,1900,1910,1901,1860,1874.5,1917.5,1915,1910,1920,1950,1973,1966,1950,1920,1872,1867.5,1890,1888,1890,1932,1920,1927,1906.5,1895,1932,1932.5,1940,1945,1920,1925,1944,1954,1990,1985,1975,1910,1970,1950,1920,1950,1900,1950,2035,2075,2112,2090.5,2030,2031,1995,1999
"Irving","TX","Dallas-Fort Worth","Dallas",83,,,,,,,,,,,,,,,,,,,,,,,,,,,,,,,,,,,,,,,,,,,,,,,,,,,,,,,,,,,,,,,,,,,,,,,,1295,1119,1055,1067,1040,999,1067.5,965,1049,987,1042.5,1072,1139,1267,1211,1185,1167,1179,1247,1157,1070
"Scottsdale","AZ","Phoenix","Maricopa",84,,,,,,,,,,,,,,,,,,,,,,,,,,,,,,,,,,,,,,,,,,,,,,,,,,,,,,,,,,,,,,,,,,,,,,,1219,1209,1147,1219,1266,1240,1325,1197.5,1169,1188.5,1165,1149,1184.5,1195,1287,1263,1266.5,1230,1242.5,1249.5,1279,1227
"Rochester","NY","Rochester","Monroe",85,,,,,,,,,,,,,,,,,,,,,,,,,,,595,647.5,652.5,655,597.5,595,595,625,605,600,630,562.5,637.5,615,601,695,754.5,737.5,737.5,772.5,695,655,650,725,725,650,682.5,735,725,695,725,740,735,650,657.5,650,695,725,725,725,700,725,725,695,699,700,735,700,685,732.5,750,725,750,700,685,650,730,700,745,725,750,750,745,807.5,775,795
"Irvine","CA","Los Angeles-Long Beach-Anaheim","Orange",86,,,,,,,,1580,1492.5,1515,1590,1580,1582.5,1585,1575,1582.5,1600,1539.5,1505,1500,1502.5,1533,1533,1500,1544,1565,1517.5,1525,1515,1535,1575,1730,1745,1707.5,1665,1620,1675,1700,1690.5,1690,1690,1655,1649.5,1660,1675,1700,1725,1710,1680,1670,1680,1715,1730,1750,1770,1810,1813,1802.5,1815,1805,1790,1780,1785,1765,1767.5,1765,1760,1800,1835,1850,1854.5,1875,1895,1900,1875,1890,1865,1870,1895,1905,1937.5,1955,1910,1925,1935,1940,1955,1985,1995,1992.5,2029,2020
"Richmond","VA","Richmond","Richmond City",87,,,,,,,,,,,,,,,,,,,,,,,,,,,,,,,,,,,,,,,,,,,,,,,,,,,,,,,,,,,,,,,,,,,,,,,998.5,1024,1014,997,1049,1025,999,1025,998.5,999,1025,976,985,1050,985,995,1001,1049,1025.5,1024,1059,1089
"Bradenton","FL","North Port-Sarasota-Bradenton","Manatee",88,,,,,,,,,,,,,650,600,600,600,600,600,600,600,600,694,750,750,774,779,757.5,750,699,700,700,700,653,700,692.5,656,687,675,686,700,690,750,719,690,700,760,797,800,810,837,839,717.5,745,761.5,743,750,750,792.5,798,790,772.5,850,893,935.5,870,870,852.5,862,921,951.5,990,1041,995,1002,1019,1062,950,975,1074.5,988,960,1000,1000,921.5,1030,1008,1020,1010,1092.5,1000,1010,1191
"Santa Rosa","CA","Santa Rosa","Sonoma",89,,,,,,,,,,,,,,,,,,,,,,,,,,,,,,,,,,,,,,,,,,,,,,,,,,,,,,,,,,,,,,1409,1473,1372.5,1400,1497.5,1413.5,1447.5,1372.5,1549.5,1589.5,1599,1604,1589,1562,1679,1500,1461.5,1650,1625,1595,1535,1534,1644,1656.5,1650,1639,1695,1715,1720,1725,1769
"Des Moines","IA","Des Moines","Polk",90,,,,,,,,,,,,,,,,,,,,,,,,,,,,,,,,,,,,,,,,,,,,,,,,,,,,,,,,,,,,,,,,,,,635,670,652.5,670,725,700,757,757,757,757,732.5,725,757,757,757,757,757,757,775,780,909,802.5,810,855,833,833
"Spokane","WA","Spokane","Spokane",91,,,,,,,,,,,,,,,,,,,,,510,500,495,497.5,550,550,550,550,502.5,485,485,495,510,525,550,550,550,545,525,525,499,499.5,499,465,460,500,525,510,512.5,525,525,535,500,550,575,560,545,545,590,585,575,575,590,550,570,550,567.5,550,570,555,575,575,575,575,575,575,575,550,625,595,610,650,650,642.5,650,635,600,625,650,675,700,725
"Tacoma","WA","Seattle","Pierce",92,,,,,,,,,,,,,,,,,,,,,,,,,,,,,,,,,,,,,,,,,,,,,,,,,,,,,,,,,,,,,,,,,,,,925,940,945,932.5,895,890,917,965,945,950,1085,1045,975,1140,1100,1090,1011.5,1050,1095,1160,1155,1195,1165,1142,1125
"Oceanside","CA","San Diego","San Diego",93,,,,,,,,,,,,,,,,,,,,,,,,,,,,,,,,,,,,,,,,,,,,,,,,,,,,,,,1511,1425,1295,1219,1287.5,1287.5,1295,1450,1395,1375,1365,1375,1375,1395,1395,1400,1403,1452,1439,1425,1435,1467.5,1417.5,1395,1550,1547.5,1395,1472.5,1495,1542.5,1550,1550,1500,1600,1590,1546,1605,1655
"Gainesville","FL","Gainesville","Alachua",94,,,,,,,,,,,,,,,,,,,,,,,,,,,,,,,,,,,,,,,,,,,,,,,,,,,,,,,,,,,,,,,,,,,,,,,,,725,700,655,675,675,700,737.5,667.5,750,705,697.5,725,725,705,725,715,725,750,700,790
"Woodbridge","VA","Washington","Prince William",95,,,,,,,,,,,,,,,,,,,,,1190,1156.5,1149,1180,1179,1201,1210,1181.5,1185,1210,1244,1225,1196,1163.5,1199,1276,1288,1283,1345.5,1310,1266,1368,1363,1250,1250,1219,1186,1167,1166.5,1200,1224,1253,1217,1250,1169.5,1180,1150,1179,1172.5,1177,1210,1215,1237,1205,1250,1275,1260,1255,1226,1200,1207,1222,1255,1253,1227,1210,1245,1239,1286.5,1242,1200,1244.5,1245,1235,1253,1300,1300,1338.5,1330,1324,1287,1267.5
"Glendale","CA","Los Angeles-Long Beach-Anaheim","Los Angeles",96,,,,,,,,,,,,,,,,,,,,,,,,,,,,,,,,,,,,,,,,,,,,,,,,,,,,,,,,,,,,,,,,,,,,,,,,,2215,2247.5,2255,2021,2060,2153,1980,2029,2033,1775,1895,1780,1897.5,2219.5,2089,1930,1922.5,1965,2030,2025
"Boise","ID","Boise City","Ada",97,,,,,,,,,,,,,,,,,,,,,,,,565,575,585,575,567.5,565,575,585,585,595,595,602.5,595,615,650,625,625,595,595,595,550,550,575,550,550,550,555,575,580,575,625,595,575,600,600,595,600,627.5,625,630,600,600,650,650,650,675,675,650,700,725,675,675,650,675,675,650,675,725,637.5,625,725,750,750,750,785,775,785,775,797.5
"Worcester","MA","Worcester","Worcester",98,,,,,,,,,,,,,,,,,,900,875,875,885,877,850,800,825,899,875,850,859,925,985,989,950,935,935,900,935,925,935,950,935,912.5,935,897.5,900,875,950,950,950,900,900,945,950,950,995,997.5,975,975,925,892.5,975,950,995,985,985,1000,937.5,900,950,950,925,950,995,1000,995,1050,975,1075,967.5,1075,1025,975,962.5,950,1000,1000,1000,1050,1050,1050,1037.5,1125
"Little Rock","AR","Little Rock","Pulaski",99,,,,,,,,,,,,,,,,,,,,,,,,,,,,,,,,,,,,,,,,,,,,,,,,,,,,,,,785,644,650,647.5,742,725,675,687.5,675,676.5,689,676.5,688,712,725,750,750,750,700,664.5,695,669,720,660,704,660,675,755,645,715,675,750,755,700,742,725,700,675
"Providence","RI","Providence","Providence",100,,,,,,,,,,,,,,,,,,,,,,,,,,,,,,,,,,,,,,,,,,,,,,,,,,,,,,,,,,,,,,,,,,,,,,,,,,,,,,,,,1475,1475,1475,1500,1400,1400,1350,1350,1350,1420,1450,1450
"Yonkers","NY","New York","Westchester",101,,,,,,,,,,,,,1225,1200,1300,1297.5,1250,1250,1200,1200,1200,1200,1200,1200,1150,1150,1200,1200,1200,1200,1200,1250,1200,1200,1212.5,1200,1225,1200,1200,1225,1200,1200,1200,1275,1275,1250,1299,1280,1280,1250,1280,1299.5,1280,1300,1300,1300,1300,1350,1350,1350,1350,1350,1400,1450,1400,1400,1400,1395,1350,1400,1400,1450,1450,1400,1445,1400,1400,1450,1400,1375,1412.5,1400,1400,1400,1400,1400,1440,1500,1524,1500,1500,1500
"Fort Lauderdale","FL","Miami-Fort Lauderdale","Broward",102,,,,,,,,,,,,,1200,1200,1200,1200,1200,1200,1100,1125,1100,1200,1200,1100,1100,1200,1152.5,1100,1135,1150,1185,1150,1175,1197.5,1175,1150,1200,1200,1300,1250,1200,1200,1150,1150,1150,1100,1125,1122,1100,1100,1100,1150,1200,1200,1150,1200,1295,1250,1250,1300,1400,1400,1397,1350,1400,1350,1357,1392.5,1400,1500,1450,1450,1400,1500,1400,1450,1317.5,1400,1350,1400,1275,1350,1275,1400,1400,1400,1400,1495,1450,1450,1450,1450
"Grand Prairie","TX","Dallas-Fort Worth","Dallas",103,,,,,,,,,,,,,,,,,,,,,,,,,,,,,,,,,,,,,,,,,,,,,,,,,,,,,,,,,,,,,,,,,,,,,,854.5,951,975,985,995,1005,1015,1035,1030,1010,998,966.5,916.5,955,925,857,888,893.5,909,925,904.5,952,952
"Rancho Cucamonga","CA","Riverside","San Bernardino",104,,,,,,,,,,,,,,,,,,,,,,1025,1165,1207,1181.5,1212,1206,1227,1213,1242,1244,1200,1274,1224.5,1225,1229,1203,1244,1236,1200,1200,1200,1201,1284,1279,1281.5,1330,1315,1284,1332,1319,1318.5,1269.5,1285,1299,1317,1328.5,1339,1328,1324,1339,1333,1339.5,1350,1345,1370,1376.5,1378.5,1381.5,1425,1449,1461,1410,1549,1481.5,1491.5,1562,1525,1575,1450,1488,1443.5,1458,1485,1471,1515,1569,1632,1578,1588,1588,1558.5
"Overland Park","KS","Kansas City","Johnson",105,,,,,,,,,,,,,,,,,,,,,,,,,,,,,,,,,,,,,,,,,,,,,,,,,,,,,,,,,,,,,817.5,820,825,877.5,887.5,847,953.5,1027,918.5,870,869,871.5,871,856,858,855,890,858,896,905,899,905,857.5,849,915,894,887,896,933,910,907,932
"Newport News","VA","Virginia Beach","Newport News City",106,,,,,,,,,,,,,,,,,,,,,,,,,,,,,,,,,,,,,,,,,,,,,,,,,,,,,,,,,,,,805,825,849,829,828,825,825,790,799.5,756,745,797.5,804,810,849,849,849,802,853.5,799.5,785,848,806,853,876,876.5,838,835,800,809,840,840,899
"Sioux Falls","SD","Sioux Falls","Minnehaha",107,,,,,,,,,,,,,,,,,,,,,,,,,,,,,,,,,,,,,,,,,,,,,,,,,,,,,,,,,605,622.5,630,687.5,690,695,720,702.5,675,652.5,690,725,720,792.5,735,750,825,825,730,740,715,745,714,757.5,704.5,710,740,710,714,715,720,715,691,705,662.5,709
"Tempe","AZ","Phoenix","Maricopa",108,,,,,,,,,,,,,,,,,,,,,,,,,,,,,,,,,,,,,,,,,,,,,,,,,,,,,,,,,,,,,,,,,,,,,,,,,,,1128,1138,1097,972,1010,986,900,870,839,976,1002.5,1140,1140,1140,1099,1140,1125,1085
"Vancouver","WA","Portland","Clark",109,,,,,,,,,,,,,,,,,,,,,,,,,,,,,,,,,,,,,,,,,,,,,,,,,,,,,,,,,,,,,,,,,,974,995,1000,1030,1000,1040,1045,1010,1056,1061.5,1086.5,1090,1052.5,1035,1088,1025,1030,1090,1065,1025,1025,1123,1141,1116,1160.5,1150,1130.5
"El Cajon","CA","San Diego","San Diego",110,,,,,,,,,,,,,,,,,,,,,,,,,,,,,,,,,,,,,,,,,,,,,,,,,,,,,,,,,,925,925,927.5,970,995,995,1025,985,1050,1025,1000,1030,1082.5,1152.5,1100,1150,1147.5,1125,1150,1147.5,1125,1150,1218,1300,1150,1278.5,1222.5,1252.5,1391,1395,1365,1295,1412,1425,1350
"Pembroke Pines","FL","Miami-Fort Lauderdale","Broward",111,,,,,,,,,,,,875,900,925,900,895,900,950,950,950,925,950,965,900,900,1050,1052.5,1027.5,1025,1035,1050,1050,1095,1088.5,1070,1072.5,1100,1095,1090,1052.5,1050,1030,1012,1050,1050,1050,1062.5,1077.5,1075,1081,1100,1075,1100,1100,1100,1100,1100,1100,1107.5,1100,1100,1150,1175,1100,1150,1215,1250,1225,1225,1225,1243.5,1200,1200,1200,1250,1288,1248,1269,1280,1300,1285,1250,1227.5,1283.5,1293,1300,1300,1319,1335.5,1352.5,1355,1453
"Naperville","IL","Chicago","Du Page",112,,,,,,,,,,,,,,,,,,,,,,,,,,,,,,,,,,,,,,,,,,,,,,,,,,,,,,,1152.5,1122,1082,1127,1125,1100,1072,1079,1079,1079,1195,1259.5,1234,1229.5,1200,1239,1219,1215.5,1245,1228,1200,1201,1200,1169,1200,1200,1199,1200,1199,1197.5,1240.5,1248,1255,1300,1297,1299,1285,1304.5
"Fairfax","VA","Washington","Fairfax",113,,,,,,,,,,,,,,,,,,,,,,1655,1450,1662.5,1589,1525,1558,1546,1562.5,1569.5,1512,1505,1555,1517.5,1584,1584,1555,1530,1554,1634,1745,1540,1590,1680,1484.5,1475,1477,1525,1495,1478,1489,1499.5,1521,1552.5,1548,1537,1502.5,1497,1498,1484.5,1495,1500,1529,1529,1555,1562.5,1562.5,1552.5,1540,1520,1516.5,1550,1582,1598.5,1555,1560,1592.5,1575,1549,1570,1552,1535.5,1519,1649.5,1689,1750,1639,1727,1705,1692.5,1685,1679
"Santa Clarita","CA","Los Angeles-Long Beach-Anaheim","Los Angeles",114,,,,,,,,,,,,,,,,,,,,,,,,,1149.5,1340,1325,1337.5,1345,1315,1385,1442.5,1405,1395,1410,1375,1440,1440,1450,1435,1460,1325,1345,1437.5,1411,1401.5,1395,1392.5,1420,1426.5,1430,1450,1400,1430,1480,1494.5,1505,1485,1505,1515,1499,1485,1530,1532.5,1532.5,1527.5,1535,1550,1560,1570,1550,1605,1600,1694.5,1662.5,1620,1605,1657.5,1713,1700,1620,1688.5,1554.5,1700,1680,1702,1744.5,1750,1702,1705,1708,1737.5
"Boynton Beach","FL","Miami-Fort Lauderdale","Palm Beach",115,,,,,,,,,,,,,799.5,850,828,950,850,866,866,825,837,850,900,950,925,950,920,900,915,920,900,920,958.5,955,974,970,994,971.5,953,1000,1010,1090,1100,1134,1100,1172,1150,1100,1150,1143,1099.5,1050,1020,1150,1145,1100,1097.5,1112.5,1090,1125,1150,1160,1150,1185,1187.5,1175,1164.5,1200,1236,1250,1240,1250,1275,1275,1273.5,1255,1227,1252,1245,1275,1208,1273.5,1230,1294,1300,1300,1300,1295,1275,1275,1275,1275
"Lakewood","CO","Denver","Jefferson",116,,,,,,,,,,,,,,,,,,,,705,689,694.5,710,725,755,795,815,880,877.5,980,999,980,865,855,872,853,903,955,945,888,890,897,897,870,886,925,989,1049,1032.5,1075,1116,1089.5,1117,1110,1138,1187,1170,1172.5,1195,1193.5,1199,1209,1204,1215,1287,1279,1303.5,1300,1265,1370,1388,1390,1379,1385,1360,1319,1455,1295,1220,1347,1208,1239,1219,1270,1267.5,1300,1257,1475,1455,1485,1450.5,1380
"Alexandria","VA","Washington","Alexandria City",117,,,,,,,,,,,,,,,,,,,,,,,1357,1305,1420,1567.5,1500,1540,1552,1600,1580,1499.5,1470,1470,1450,1475,1475,1505,1527,1605,1692,1695,1750,1793,1722,1675,1655.5,1661,1625,1625,1660,1687,1675,1755,1732,1683,1671,1650,1675,1680,1699,1757.5,1755,1741.5,1754,1730,1738,1760,1717,1701,1611,1600,1690,1700,1655,1655,1664.5,1650,1716,1687,1627.5,1545,1630,1690,1618.5,1677,1639,1663.5,1641,1630,1740,1661
"Dayton","OH","Dayton","Montgomery",118,,,,,,,,,,,,,,,,,,,,,,,,,,,,,,,,,,,,,,,,,,,,,,,,,,,,,,,,,,,,,,,,,,,,,,,,,,,,,,,,442.5,497,450,450,450,455,450,450,450,450,475,539,539
"Sunnyvale","CA","San Jose","Santa Clara",119,,,,,,,,,,,,,,,,,,,,,,,,,,,,,,1844,1900,1850,1842,1765,1765,1765,1765,1793,1805,1957,1926,2000,1997.5,1870,1920,1952,2000,2042,2040,1997.5,2160,2175,2189,2298,2350,2276.5,2273,2238,2357.5,2400,2418,2475,2350.5,2445,2460.5,2502,2546.5,2523,2446,2478.5,2495,2581.5,2601.5,2610,2603,2557,2650,2711,2430.5,2522,2402.5,2325,2443,2671.5,2583.5,2612,2619,2585,2615,2755,2755,2684
"Charleston","SC","Charleston","Charleston",120,,,,,,,,,,,,,,,,,,,,,,,,,,,,,,,,,,,,,,,,,,,,,,,,,,,,,1400,1250,1300,1225,1183.5,1163.5,1200,1200,1200,1300,1395,1385,1203,1252,1224,1365,1365,1261.5,1321,1306,1300,1365,1308,1340,1324,1365,1310,1264.5,1284,1295,1286.5,1410,1350,1300,1385.5,1345,1394,1360,1348.5,1350
"Bridgeport","CT","Stamford","Fairfield",121,,,,,,,,,,,,,,,,,,,,,850,900,885,900,900,912.5,987.5,900,900,1000,1000,1000,950,962.5,887.5,900,950,950,950,950,950,950,900,940,950,950,962.5,950,900,900,920,950,1000,1000,897.5,875,875,950,950,950,950,875,862.5,925,975,950,950,950,950,1100,1050,1000,1025,1050,1150,1090,1075,1025,1050,1050,1000,962.5,975,937.5,1000,1050,1050,1050,1050,1000,1050,1000
"Eugene","OR","Eugene","Lane",122,,,,,,,,,,,,,,,,,595,590,615,615,557.5,585,595,595,595,612,595,595,600,600,597.5,575,595,595,595,600,625,625,625,600,600,625,625,625,625,625,625,625,625,635,645,650,645,650,695,625,650,650,650,625,625,645,650,650,695,705,705,725,750,787.5,731,750,765,750,795,795,725,737.5,725,795,850,895,870,795,695,750,795,865,895,895,857.5,867.5
"Round Rock","TX","Austin","Williamson",123,,,,,,,,,,,,,,,,,,,749,749,778.5,795,794.5,775,765,765,765,745,749,765,810,825,810,809,805,815,795,810,806.5,810,820,812,820,848,832,832,848,856.5,856,862.5,862.5,858,880,862.5,862.5,880,891.5,880,880,870,860,860,860,865,882,884,884,890.5,904,973,995,940,921.5,930,925,910,891,922,894,930,860,888,884,920,935,947.5,974.5,997.5,995,1010,1035,1025
"Hampton","VA","Virginia Beach","Hampton City",124,,,,,,,,,,,,,,,,,,,,,,813.5,748.5,782.5,846,846,780,755,795,775,801.5,779,791.5,735,735,753.5,735,775,789,785,765,700,705,695,685,675,695,695,695,700,725,700,700,700,745,750,749,749,750,775,765,775,775,770,755,775,757.5,757.5,750,825,805,815,799,814,827.5,835,810,820,825,822.5,825,799,777.5,825,850,855,879,890,899,889,890,889
"Pasadena","CA","Los Angeles-Long Beach-Anaheim","Los Angeles",125,,,,,,,,,,,,,,,,,,,,,,,,,,,,,,,,,,,,,,,,,,,,,,,,,,,,,1919,2000,1995,1971,1919,1957.5,1955,1864,1996,1971.5,1936.5,1965,2005,1960,2005.5,1985,1979,1930,1965,2005,2005,2060,2031,1991,2027,2127,1970,2037,1919,2060,1950,2157,2197.5,2351,2300,2200,2250,2218.5,2155,2130
"Torrance","CA","Los Angeles-Long Beach-Anaheim","Los Angeles",126,,,,,,,,,,,,,,,,,,,,,,1225,1195,1195,1197.5,1150,1175,1200,1150,1235,1237.5,1295,1350,1312.5,1200,1250,1250,1275,1300,1325,1330,1295,1284.5,1275,1275,1250,1285,1295,1275,1295,1297.5,1295,1295,1300,1295,1247.5,1250,1250,1295,1325,1337.5,1300,1295,1300,1295,1312.5,1350,1395,1395,1450,1450,1452.5,1450,1450,1525,1495,1550,1475,1450,1450,1495,1485,1495,1525,1537.5,1550,1507.5,1515,1505,1550,1525,1625
"Columbia","SC","Columbia","Richland",127,,,,,,,,,,,,,,,,,,,,,,,,,,,,,,,,,,,,,,,,,,,,,,,,750,747.5,712.5,750,701.5,785,850,855,767.5,743,742.5,735,710,740,775,731.5,695,772.5,780,725,737.5,780,777.5,772.5,775,705,745,750,750,705,750,727.5,735,745,699.5,800,745,700,800,780,800,820,815,820,810
"Tyler","TX","Tyler","Smith",128,,,,,,,,,,,,,,,,,,,,,,,,,,,,,,,,,,,,,,,,,,,,,,,,,,,,,816,757,700,718.5,720,752,773,782,794,799,745,779.5,789,777,732,725,743,727,708,724,700,747,763,746.5,760,739,753,777,739,739,727,769,732,808,772.5,775,800.5,834,775,825
"Mesquite","TX","Dallas-Fort Worth","Dallas",129,,,,,,,,,,,,,,,,,,,,,,,,,,,,,,,,,,,,,,,,,,,,,,,,,,,,,,,,,,,,,,,,,,,,,,,,,,,,,,,,795,763.5,773,755,763.5,813.5,836,833,833,810,833,809.5,801
"McKinney","TX","Dallas-Fort Worth","Collin",130,,,,,,,,,,,,,,,,,,,,,,,,,,,,,,,,,,,,,,,,,,,,,,,,851,850,849.5,863,825,870,900,893,866,887,900,913.5,872.5,867.5,865,900,914,961,938,927,947.5,946,933,929,932,943.5,931.5,908,965,949.5,1017,1019.5,1000.5,904.5,991.5,953,953,975.5,995,1010,1025,1020,1021,1005,1030
"Renton","WA","Seattle","King",131,,,,,,,,,,,,,,,,,,,,,,,,,,,,,,,,,,,,,,,,1125,1150,1048,995,934.5,895,965,1027,1114.5,999,1084.5,1160,1197.5,1245,1200,1167.5,1095,1090,1196,1215,1187,1187,1280,1207.5,1330.5,1295,1290.5,1295,1321.5,1287,1225,1285,1270,1257,1300,1312.5,1314,1440.5,1320,1340,1340,1395,1288,1266.5,1269,1292.5,1305,1332.5,1391,1418.5,1402.5,1350,1338
"Inglewood","CA","Los Angeles-Long Beach-Anaheim","Los Angeles",132,,,,,,,,,,,,,,,,,,,,,,,,,,,,,,,,,,,,,,,,,,,,,,,,,,,,,,,,,,,,,,,,,,,,,,,,,,,,1145,1100,1195,1195,1150,1197.5,1150,1250,1250,1312.5,1295,1335,1345,1345,1350,1350,1395
"New Haven","CT","New Haven","New Haven",133,,,,,,,,,,,,,,,,,,1250,1325,1277.5,1225,1225,1262.5,1300,1212.5,1225,1200,1250,1250,1290,1250,1200,1150,1100,1100,1030,1050,1150,1200,1250,1245,1225,1200,1150,1200,1195,1175,1150,1100,1160,1150,1200,1150,1195,1100,1000,960,1085,1000,1050,1075,1205,1250,1205,1217.5,1195,1195,1100,1050,1150,1095,1095,1100,1275,1297.5,1250,1149.5,1250,1250,1100,1175,1100,1100,1100,1100,1150,1200,1162.5,1120,1150,1195,1150
"Bloomington","IN","Bloomington","Monroe",134,,,,,,,,,,,,,,,,,,,,,,,,,790,825,870,957.5,950,850,879,867,840,827,818.5,800,800,822,843,821,775,735,620,620,665,750,750,750,665,665,717.5,750,760,800,800,800,740,675,675,680,695,687.5,780,675,675,672.5,665,702.5,772.5,675,705,677.5,675,669.5,675,732.5,715,720,798.5,737.5,765,773.5,715,722.5,750,800,715,675,675,685,715,750
"Miramar","FL","Miami-Fort Lauderdale","Broward",135,,,,,,,,,,,,,1050,1050,1100,1000,1050,1100,1150,1100,1100,1085,1100,1100,1075,1100,1100,1100,1100,1100,1100,1142.5,1100,1110,1145,1105,1175,1155,1175,1200,1190,1175,1200,1175,1177.5,1180,1199,1205,1200,1199.5,1200,1200,1200,1200,1200,1200,1200,1275,1250,1250,1262.5,1275,1350,1350,1350,1350,1350,1275,1300,1300,1300,1350,1350,1350,1362.5,1300,1365,1375,1350,1370,1300,1300,1275,1340,1350,1350,1380,1350,1400,1420,1400,1384
"Coral Springs","FL","Miami-Fort Lauderdale","Broward",136,,,,,,,,,,,,,850,895,895,850,850,875,890,875,875,882,890.5,900,900,950,910,950,975,957,930,960,935,930,945,950,975,964,960,975,975,950,950,950,950,950,950,925,950,950,950,990,962.5,975,975,975,975,950,975,1000,1000,1030,1077.5,1095,1075,1090,1075,1100,1065,1050,1050,1100,1100,1100,1100,1100,1145,1150,1145,1147.5,1150,1150,1150,1150,1150,1200,1200,1162.5,1200,1200,1185,1185
"Hartford","CT","Hartford","Hartford",137,,,,,,,,,,,,,,,,,,,,,,,,,,,,,,,,,,,,,,,,,,,,,,,,,,,,,,,,,,,,,,,,,,,,,,,,,,,,,,,,,825,895,800,800,805,800,810,850,850,850,850,850
"Stamford","CT","Stamford","Fairfield",138,,,,,,,,1750,1604.5,1600,1611.5,1542.5,1717.5,1650,1735,1750,1800,1750,1637.5,1500,1575,1495,1500,1600,1675,1700,1695,1625,1587.5,1650,1620,1585,1720,1720,1700,1815,1799,1829,1845,1849,1829,1849,1799,1700,1625.5,1550,1547.5,1550,1550,1550,1635,1750,1672.5,1750,1850,1690,1650,1675,1715,1685,1775,1845,1847.5,1895,1850,1827.5,1845,1872.5,1790,1875,1837.5,1800,1800,1775,1825,1900,1800,1800,1850,1800,1750,1787.5,1795,1750,1750,1775,1800,1805,1750,1875,2049,2040
"Frisco","TX","Dallas-Fort Worth","Collin",139,,,,,,,,,,,,,,,,,,,,,,,,,,,,825,890,889,875,899,929,905.5,865,895,912.5,915,905,900,905.5,918,915,899,895,993.5,949,957.5,939,929,969.5,896.5,985,1065,879,881.5,889,1024.5,1047,1048,900,892.5,939,985,1042,1050,1072,1070,1064.5,1025,1025,1050,1065,1074,1084,1136,1116,1129,1146,1145,1184,1089,1184,1229,1219,1229,1219,1195,1194,1175,1195,1220
"Carrollton","TX","Dallas-Fort Worth","Denton",140,,,,,,,,,,,,,,,,,,,,,,,,,,,,,,,,,,,,,,,,,,,,,,,,,,,,,,,,,,,,,,,,,,,,,,,,,,1010,1056,1029,1076,1090,1076,1078,1084,1100,1061.5,1018,1070.5,1071,1090,1091,1090,1035.5,1050,1008
"Billings","MT","Billings","Yellowstone",141,,,,,,,,,,,,,,,,,,,,,,,,,,,,,,,,,,,,,,,,,,,,,,,,,,595,595,550,575,545,575,575,562.5,575,595,550,557.5,625,625,590,585,590,580,552.5,575,590,565,575,595,585,612.5,590,575,550,635,644.5,550,575,595,585,600,600,595,600,650,625,595,595
"Allentown","PA","Allentown","Lehigh",142,,,,,,,,,,,,,,,,,,,,,,,684,700,825,775,712.5,835,740,725,755,725,734.5,700,680,675,665,680,700,725,700,680,650,690,650,650,675,695,690,682.5,675,695,675,650,700,687.5,700,715,742,745,765,750,729,762.5,750,785,727,725,750,785,867.5,812.5,754.5,790,797.5,812.5,785,795,795,910,825,877.5,742.5,822.5,800,797,800,917.5,895,995,900,887.5
"Santa Clara","CA","San Jose","Santa Clara",143,,,,,,,,,,,,,,,,,,,,,,,,,,,,,1855,1794.5,1750,1706,1715,1698.5,1725,1695,1723,1833,1823,1931,1887.5,1982,1982.5,1821,1886.5,1776.5,1858.5,1895,1819,1790,1866,1958.5,2183,2233.5,2192.5,2199,2128,2125,2113,2188.5,2198,2342,2339,2312,2328,2392,2396.5,2353,2307,2216,2219.5,2335,2295,2379.5,2395,2344.5,2361.5,2429.5,2411,2432,2198,2282,2518,2455,2495,2415,2383.5,2465,2649,2473,2450,2438
"Cary","NC","Raleigh","Wake",144,,,,,,,,,,,,,,,,,,,,,,,,655,690,769,764.5,743.5,737,730,750,770,775,785,825,794,789,799,810,832.5,820,857,865,959,959,857.5,841,849,849,867,855,849,865,854.5,839,790,778,816,819,824,819,845,849.5,869,907,869,869,872,950,884,899,899,909,905,927.5,952,939,967,949,1035,919,906,906,963,949,960,1005,991.5,1005,1049.5,1060,1045
"Conroe","TX","Houston","Montgomery",145,,,,,,,,,,,,,,,,,,,,,,,,,,,,,,,,,,,,,,,,,,,,,,,,,,,,,,,,,,,,,,,,,,,927,958,900.5,876,913,915,929,937,872,900.5,995,1005,900,988.5,977,825,888,940,972,965,955,989,970,949,1016,1039
"Berkeley","CA","San Francisco","Alameda",146,,,,,,,,,,,,,,,,,,,,,,,,,,,,,,,,,,,,,,,,,,,,,,,,,,,,,,,,,,,,,,,,,,,,,,,,,,,,,,,,2410.5,2195,2395,2175,2224,2500,2595,2595,2700,2556,2667,2775,2606.5
"Falls Church","VA","Washington","Fairfax",147,,,,,,,,,,,,,,,,,,,,,,,,1450,1475,1464.5,1495,1475,1425,1450,1450,1495,1430,1425,1425,1419,1399,1425,1445,1445,1459.5,1425,1400,1400,1395,1380,1395,1397.5,1400,1400,1397.5,1400,1400,1400,1444,1423,1415,1400,1407.5,1499,1515,1517,1500,1450,1500,1500,1500,1500,1516,1550,1550,1550,1552,1510.5,1550,1595,1550,1625,1585.5,1600,1550,1550,1595,1600,1595,1620,1600,1602,1830,1950,1855.5,1797.5
"Denton","TX","Dallas-Fort Worth","Denton",148,,,,,,,,,,,,,,,,,,,,,625,627,650,650,680,682,645,670,686,690,629,657.5,681,665,627,674,650,674,682,743,743,743,743,743,743,743,743,743,719,724,729,742,743,740.5,739,743,755,795,782,800,794.5,762.5,743,743,743,743,750,743,738.5,743,743,760.5,750,756,750,762,807,772.5,745,755,755,750,832.5,826.5,909,942,849.5,885,861,840,885,878
"Thornton","CO","Denver","Adams",149,,,,,,,,,,,,,,,,,,,,,,,,,,,,,,,,,,,,,,,,,,,,,,,,,,,,,,,,,,,,,,1046.5,1030,1082,1065,1155,1124,1124,1198,1170.5,1126.5,1073.5,1100,1181.5,1209,1228,1184.5,1185,1181.5,1316.5,1125,1147.5,1134,1179,1197,1206.5,1228,1225,1212,1273,1275,1235
"Frederick","MD","Washington","Frederick",150,,,,,,,,,,,,,,,,,,,,,,,,,,,,,,,,,,,,,,,,,,,,,,,,,,,,,,1260,1296,1279.5,1236,1204,1236,1245,1236,1232.5,1224,1280,1260,1282,1205,1195,1241,1237,1229,1205,1200,1234,1116,1127.5,1085,1130,1115,1000,1167.5,1215,1037,1107.5,1143.5,1182.5,1200,1277,1251,1238,1197,1183.5
"Westminster","CO","Denver","Adams",151,,,,,,,,,,,,,,,,,,,,,,,,,,,,,,,,,,,,,,,,,,,,,,,,,,,,,,,,,,,,,,,,,,,,,1138,1134.5,1130,1185,1155,1168,1135.5,1166,1136,1196,1193,1205,1151.5,1136,1048,1184,1223.5,1298.5,1275,1258,1250,1278.5,1257,1290.5
"Waterbury","CT","New Haven","New Haven",152,,,,,,,,,,,,,,,,,,,,,,,,,,,,,,,,,,,,,,,,,,,,,,,,,,,,,,,,,,,,,,,,,,,,,,,,,,,,,717.5,700,745,737.5,700,700,700,700,700,750,750,725,725,725,725,725
"Costa Mesa","CA","Los Angeles-Long Beach-Anaheim","Orange",153,,,,,,,,,,,,,,,,,,,,,,,1386.5,1399,1425,1430,1430,1435.5,1455,1465,1465,1460,1410,1482.5,1399,1443.5,1450,1497.5,1464,1430.5,1429,1440,1400,1390,1407,1414,1450,1450,1445,1450,1538,1526,1472,1490,1550,1604,1807,1817,1820,1785,1780,1715,1700,1710,1705,1729,1740,1745,1721,1762,1783.5,1739,1845,1795,1819,1802.5,1830,1809.5,1765,1816.5,1688,1716,1699,1782.5,1868,1909,1820,1869,1815,1817,1815,1806
"Manchester","NH","Manchester","Hillsborough",154,,,,,,,,,,,,779,829,812.5,789,760,829,750,809,819,809,809,799,799,804,822,829,819,769,764.5,767,812.5,849,859,819,825,795,800,825,825,782,794.5,850,849,845,819,827,849.5,850,849,850,849,849,847.5,864.5,850,860,870,870,850,849,835,899,874,889.5,900,879,879,865,850,825,849,850,927,959,954.5,914.5,959,925,1045,989,950,900,989,995,999,1000,1095,1065,1000,1035,1012.5
"Ann Arbor","MI","Ann Arbor","Washtenaw",155,,,,,,,,,,,,,,,,,,,,,,,,,,,,,,,,,,,,,,,,,,,,,,,,,,,,,,,,,,,,,,,,,,,,,,,,,,,,,,,1170,1149,1120,1140,1000,1100,1100,1094,1094,1075,1095,1149,1088,1175
"Cambridge","MA","Boston","Middlesex",156,,,,,,,,,,,,,,,,,,,,2160,2200,2300,2300,2400,2400,2300,2140,2120,2165,2200,2275,2300,2500,2450,2400,2350,2400,2400,2350,2237.5,2252.5,2310,2350,2350,2395,2370,2350,2350,2310,2252.5,2250,2245,2295,2300,2300,2300,2350,2375,2300,2300,2312.5,2240,2295,2295,2300,2300,2315,2400,2355,2335,2300,2255,2250,2300,2300,2350,2335,2350,2350,2400,2400,2350,2400,2300,2300,2300,2360,2390,2400,2400,2400,2370
"Everett","WA","Seattle","Snohomish",157,,,,,,,,,,,,,,,,,,,,,725,725,735,737.5,817.5,922.5,880,830,790,820,850,852.5,860,883.5,885,875,900,900,905,862.5,845,855,845,825,850,822.5,875,930,950,940,925,970,952.5,899.5,882.5,895,937.5,940,905,897,945,945,945,962.5,945,947.5,965,995,1015,1042.5,1025,1023,1036,1050,1000,1039,1070,1065,1066,1055,1075,1065,1065,1070,1065,1115,1140,1188,1190,1162,1151,1179
"Clearwater","FL","Tampa","Pinellas",158,,,,,,,,,,,,,,,,,,600,600,600,702,745.5,729,742,750,759,817,794,794,764,757,716.5,702,749,759,752,704,759,759,750,680,685,680,650,650,695,795,795,700,712.5,786.5,750,737.5,737.5,750,795,795,843,850,800,815,877,855,815,815,832.5,850,850,795,880,940.5,940.5,907,945,900,895,1000,895,975,897.5,858,910,844,892.5,972,947,933,947,935,995,976.5,926
"Wilmington","NC","Wilmington","New Hanover",159,,,,,,,,,,,,,,,,,,,,,575,550,625,629,650,629,634,670,650,629,650,685.5,709,674.5,630,664,671,713,723,703.5,700,750,650,750,695,695,725,697,750,749,749,749,705,699,695,715,735,744,747,695,750,770,759,750,725,735,750,766,774,751.5,775,800,836,848.5,848.5,809,825,832,847,880.5,836,950,826,786,818,850,875,842,839,851.5,895,859
"Pompano Beach","FL","Miami-Fort Lauderdale","Broward",160,,,,,,,,,,,,825,850,855,895,875,855,850,875,890,885,875,875,900,875,925,900,900,900,895,899,900,900,900,900,900,900,900,912.5,950,925,900,900,925,950,950,950,950,940,950,950,950,950,950,950,950,950,950,950,1000,950,1050,1142.5,1155,1050,985,1000,1000,995,999,1000,1000,1000,1100,1100,1100,1075,1200,1195,1272.5,1150,1200,1050,1100,1150,1190,1200,1245,1225,1200,1200,1200
"Lewisville","TX","Dallas-Fort Worth","Denton",161,,,,,,,,,,,,,,,,,,,,,700.5,699,714,716,715.5,730,699,730,725,725,700,699.5,690,700,711.5,749,721.5,763,765,773,747.5,769,769.5,820,822.5,825,805,795,780,790,810,832.5,835,781,839,839,812,810.5,779.5,819.5,789,760,780.5,826,870,883,877,885,875,920,985.5,927,894,891,905,939,975,970,966.5,995,957.5,1050,1005,940,950,977,1005,1017,1045,1020,1018,929
"Beaverton","OR","Portland","Washington",162,,,,,,,,,,,,,,,,,,,,,,,,845,804,808.5,750,745,777,785,833,850,782,792.5,810,790,805,808.5,840.5,875,883.5,857,875,860,872.5,852.5,842.5,850,840,855,859,860,863,880.5,925,910,927,925,937.5,946,937.5,950,955,1020,1040,1075,1120,1120,1100,1201,1280,1210,1202.5,1179.5,1156,1152,1180,1154,1190,1095,1095,1187.5,1095,1202.5,1165.5,1190,1190.5,1250,1272.5,1279,1279,1260.5
"West Palm Beach","FL","Miami-Fort Lauderdale","Palm Beach",163,,,,,,,,,,,,,,,,,,,,,,,,,,,,,,,,,,,,,,,,,,,,,,,,1007.5,975,950,950,950,950,1000,1012.5,1097.5,1017.5,1050,1050,1000,1000,1000,1055,1150,1200,1187.5,1223.5,1225,1246,1200,1200,1246,1280,1295,1297.5,1300,1350,1350,1300,1194.5,1325,1225,1150,1250,1255,1280,1300,1350,1335,1314,1350,1313
"Norcross","GA","Atlanta","Gwinnett",164,,,,,,,,,,,,,,,,,,,,,,,,,,,,,,,,,,,,,,,,,,,,,,,,,,,,,,,,,,,,,,,,,,,,,,732.5,682.5,699.5,750,765.5,776,781.5,759,735,730,750,769,762.5,746,806,840,824,835,845,845,835,840,845
"San Mateo","CA","San Francisco","San Mateo",165,,,,,,,,,,,,,,,,,,,,,,,,,,,,,,,,2096,2073,1880,1975,1958,1933,1951,1960,1963,2132,2200,2100,2100,2240,2090,2139,2095,1969,1992,2085,2342.5,2400,2397.5,2365,2294,2286,2458,2395.5,2381,2389.5,2383,2381,2550,2560,2571,2698,2660.5,2647.5,2413,2498,2618,2650,2618,2638,2484,2527,2549,2395,2503,2498,2525,2498,2494,2499,2564.5,2525,2586,2663,2663,2618,2572
"Sandy Springs","GA","Atlanta","Fulton",166,,,,,,,,,,,,,,,,,,,855,867.5,790,799,889,800,797,759,752,777.5,793.5,800,752.5,750,746.5,743,749.5,765,752.5,759,755,795,799,801,795,781.5,877,850.5,864,965,951.5,1006,1049.5,995,1088,1000,1025,955,1000,1028.5,1031,1049,1082,1082,1037,1005,1033,1019,1030.5,1032,1050,1138,1200,1164,1091,1116.5,1105,999,979,999,957,999,1025.5,1075,1043,1089,1095,1058,1086.5,1175,1160,1135,1150,1135
"Albany","NY","Albany","Albany",167,,,,,,,,,,,,,,,,,,,,,,,,,,,,,,,,,,,,,,,,,,,,,,,,,,,,,,,,,,,,,,,,,,,,,,,,1062.5,947.5,965,980,875,925,885,835,900,925,900,850,985,900,900,895,855,875,875,920,920
"Richardson","TX","Dallas-Fort Worth","Dallas",168,,,,,,,,,,,,,,,,,,,,,,,,,,,,,,,,,,,,,,,,,,,,,,,,,,,,,,,,,,,,,1024.5,1059,1082.5,1080,1110,1070,1084,1095,1196,1177,1159,1175,1222.5,1200,1221.5,1124.5,1177,1256.5,1194,1205,1210,1318,1150,1286.5,1255,1300,1255,1310,1350,1333,1335,1335
"Laurel","MD","Washington","Prince Georges",169,,,,,,,,,,,,,,,,,,,,,,,,,,,,,,,,,,,,,,,,,,,,,,,,1229,1200,1200,1263,1408.5,1312,1301,1250,1326,1335,1319,1265,1225,1193,1190.5,1200,1247,1242.5,1245,1225,1236,1224,1242,1259.5,1250,1263.5,1271,1273,1275,1200,1250,1227,1295,1255,1237.5,1270,1289.5,1510,1510,1503.5,1339,1275,1280,1284.5,1289
"Duluth","GA","Atlanta","Gwinnett",170,,,,,,,,,,,,,,,,,,,,,,,,,,,,,,,,,,,,,,,,,,,,,,,,,,,,,,,,,,,,,,,,,,,,,,,,,,,,,,,,,901,920,881,927.5,919,968,998.5,1007,1032.5,1133,1160,1167
"Davie","FL","Miami-Fort Lauderdale","Broward",171,,,,,,,,,,,,,,,,,,,,,,,,,,,,,,,,,,,,,,,,,,,,,,,,,,,,,,,,,,,,,,,,,,,,,,,,,,,1454,1390,1397,1330,1397,1482,1280,1281,1304.5,1338,1400.5,1395,1300,1415,1422,1413,1400,1351.5
"West Chester","PA","Philadelphia","Chester",172,,,,,,,,,,,,,,,,,,,,,,,,,,,,,,,,,,,,,,,,,,,,,,,,,,,,,,,,,1299.5,1300,1400,1400,1382,1274,1349,1372,1400,1387.5,1300,1284,1200,1310,1188.5,1250,1267,1352.5,1366,1307.5,1325,1342.5,1320,1352.5,1380,1360,1300,1311.5,1409,1378,1296,1297,1315,1317,1321,1290
"Columbia","MD","Baltimore","Howard",173,,,,,,,,,,,,,,,,,,,,,1200,1335,1400,1329,1299,1293,1276,1281,1277,1269,1292.5,1340,1286,1279.5,1254,1249,1277.5,1268.5,1290,1291,1244,1229,1260,1270,1250.5,1306,1324.5,1277,1275,1315,1370,1325,1345,1280,1277.5,1277,1269,1275,1272.5,1260,1362,1377,1430,1409.5,1350,1339.5,1387.5,1395,1405,1390,1360,1385.5,1385,1360,1340,1335,1394,1350,1340,1355,1315,1350,1375,1450,1533,1500,1477,1621,1465,1720,1725,1705
"Newton","MA","Boston","Middlesex",174,,,,,,,,,,,,,,,,,,,,,,,,,,,,,,1500,1500,1600,1700,1600,1550,1500,1550,1575,1550,1597.5,1650,1700,1700,1750,1700,1675,1650,1620,1675,1650,1650,1690,1695,1750,1700,1700,1700,1695,1682.5,1675,1675,1650,1675,1700,1700,1750,1900,1750,1850,1750,1700,1750,1750,1700,1750,1770,1750,1750,1750,1750,1750,1700,1745,1700,1800,1795,1795,1800,1825,1850,1850,1800
"Mission Viejo","CA","Los Angeles-Long Beach-Anaheim","Orange",175,,,,,,,,,,,,,,,,,,,,,,,,,,1315,1327.5,1290,1360,1317.5,1337.5,1325,1430,1397.5,1380,1365,1415,1415,1405,1500,1389,1429,1377.5,1500,1560,1425,1425,1510,1500,1385,1450,1457,1460,1500,1545,1555,1589,1560,1560,1565,1635,1640,1599.5,1672.5,1709,1675,1670,1650,1705,1714.5,1687,1724,1755,1795,1764.5,1758,1839,1745.5,1789.5,1843,1719,1760,1790,1764.5,1805,1829,1802,1829,1887.5,1905,1823,1815
"Highlands Ranch","CO","Denver","Douglas",176,,,,,,,,,,,,,,,,,,,,,,,,,,,,,,,,,,,,,,,,,,,,,,,,,,,,,,,,,,,,1288.5,1305,1218,1336,1326,1386,1430,1365,1362,1364,1352.5,1400,1369,1359,1360,1355,1357,1393,1324,1330,1354,1352,1380,1359,1350,1383,1406,1488,1476.5,1459,1494,1494,1465
"Hillsboro","OR","Portland","Washington",177,,,,,,,,,,,,,,,,,,,,,,,,,,,,,,,,,,,,,,,,,,,,,,965,970,975,1030,1010,1042.5,1032.5,1070,1052.5,1020,1048.5,1050,1065,1020,1020,1070,1133.5,1125,1201,1325,1263,1275,1294,1280,1359,1396.5,1396,1409,1410,1405,1405,1427.5,1444,1328,1339.5,1300,1300,1250,1414.5,1419,1407.5,1375,1365,1364,1395,1380,1364.5
"Santa Monica","CA","Los Angeles-Long Beach-Anaheim","Los Angeles",178,,,,,,,,,,,,,,,,,2200,2150,2275,2300,2460,2410,2100,2200,2250,2150,2340,2195,2375,2444.5,2519.5,2375,2200,2180,2204,2312.5,2204,2204,2300,2400,2370,2592.5,2475,2475,2447.5,2195,2400,2425,2362.5,2305,2315,2595,2555,2575,2550,2602.5,2642.5,2500,2595,2600,2650,2640,2595,2670,2800,3000,2950,3000,3090,2800,2750,2977.5,3200,3200,2940,2973.5,3025,2765,2908,3000,2900,3047.5,2976,2860,3003,2995,2995,2950,2975,2950,3000,2950
"Plantation","FL","Miami-Fort Lauderdale","Broward",179,,,,,,,,,,,,,950,950,925,875,942.5,950,950,990,960,960,950,985.5,1015.5,1025,1000,1000,1040,1048.5,1102,1079.5,1050,1070,1080,1100,1110,1075,1050,1055,1049.5,1099,1087.5,1000,1025,1049,1067.5,1100,1100,1125,1150,1150,1195,1150,1150,1150,1155,1155,1176,1173.5,1200,1200,1200,1251,1250,1247.5,1250,1250,1249,1265,1300,1303,1320.5,1302,1294,1324,1261,1290,1238.5,1290.5,1226,1200,1215,1300,1300,1295,1300,1313,1365,1376.5,1372.5,1342
"Sunrise","FL","Miami-Fort Lauderdale","Broward",180,,,,,,,,,,,,,,,,,,,,,,,,,,,,,,,,,,,,,,,,,,,,,,,,,,,,,,,,,,,,,,,,,,,,,,,,,,,,,,,,,1400,1200,1125,1224,1250,1200,1350,1330,1341.5,1300,1280,1289
"Miami Beach","FL","Miami-Fort Lauderdale","Miami-Dade",181,1850,1750,1800,1700,1750,1500,1512.5,1700,1750,1800,1800,1600,1500,1500,1512.5,1500,1550,1500,1549,1550,1600,1600,1600,1600,1600,1650,1725,1790,1750,1700,1700,1700,1650,1650,1650,1650,1650,1700,1725,1700,1700,1750,1750,1750,1750,1800,1800,1800,1800,1795,1769,1800,1800,1800,1750,1700,1700,1750,1782.5,1800,1800,1800,1850,1900,1950,1892.5,1850,1850,1900,1900,1950,1995,2000,1900,1850,1800,1818,1800,1800,1750,1800,1890,1794.5,1750,1750,1800,1750,1750,1750,1750,1800,1800
"Herndon","VA","Washington","Fairfax",182,,,,,,,,,,,,,,,,,,,,,,1357.5,1472,1626,1440,1395,1400,1440,1438,1379,1435,1481.5,1497.5,1530,1462.5,1445,1466,1475,1472.5,1490,1504.5,1509,1523,1379,1450,1409,1400,1419,1399.5,1399,1399,1395,1413,1450,1502.5,1430,1425,1427.5,1434,1429,1426,1450,1470,1476,1489,1470,1470.5,1462,1450,1450,1450,1450,1475.5,1516,1524.5,1501,1502.5,1501.5,1485,1525,1513,1471,1500,1482,1509,1573,1559,1585.5,1598,1569,1642,1660
"Chapel Hill","NC","Durham","Orange",183,,,,,,,,,,,,,,,,,,,,,,,,,,,,,,,,,,,,,,,,,,,,,,,,,,,,,,,,,,,,,,,,,,,,,,,,,,,,,,,,,1000,1037,1030,1074.5,1004,1049.5,1040,1025,1042.5,1037.5,1025,975
"Boulder","CO","Boulder","Boulder",184,,,,,,,,,,,,,,,,,,,,,,,,,,,,,,,,,,,,,,,,,,,,,,,,,,,,,,,,,,,,1410,1544,1445,1350,1295,1425,1500,1650,1650,1500,1450,1450,1517,1500,1500,1500,1473,1495,1437,1522,1541.5,1480,1597.5,1427,1495,1496,1522.5,1495,1450,1495,1550,1583,1595
"Norwalk","CT","Stamford","Fairfield",185,,,,,,,,,,,,,,,,,,,,,1650,1650,1505,1550,1650,1650,1680,1680,1650,1595,1600,1575,1600,1725.5,1735,1804,1850,1690,1850,1650,1650,1764,1750,1600,1595,1625,1640,1550,1700,1650,1650,1700,1690,1667,1697.5,1650,1612.5,1650,1700,1725,1655,1627,1604,1604,1690,1700,1750,1695,1695,1780,1775,1775,1780,1775,1750,1750,1842.5,1700,1597.5,1795,1750,1572.5,1707.5,1600,1680,1705,1752.5,1747.5,1700,1750,1695,1712.5
"Germantown","MD","Washington","Montgomery",186,,,,,,,,,,,,,,,,,,,,,,,,,,,,,,,,,,,,,,,,,,,,,,,,,,,,,,,,,,,,,,,,,,,,,1359,1379,1450,1450,1457.5,1450,1530,1363.5,1253,1231,1317,1205,1247.5,1199,1150.5,1100,1200,1202,1248.5,1359,1321,1359,1354,1288
"Hawthorne","CA","Los Angeles-Long Beach-Anaheim","Los Angeles",187,,,,,,,,,,,,,,,,,,,,,,,,,,,,,,,,,,,,,,,,,,,,,,,,,,,,,,,,,,,,,,,,,,,,,,,,,,,,,1150,1150,1137.5,1195,1225,1225,1225,1250,1250,1295,1300,1300,1300,1325,1300,1300
"Santa Barbara","CA","Santa Maria-Santa Barbara","Santa Barbara",188,,,,,,,,,,,,,,,,,,,,,,,,,,,,,,,,,,,,,,,,,,,,,,,,,,,,,,,,,,,,,,,,,,,,1950,1950,1947,1900,1885,1887,1912,1900,1900,1875,1875,1792.5,1771,1850,1850,1900,1864.5,1950,1937.5,1962.5,1900,1900,1881,1939,1975
"Kent","WA","Seattle","King",189,,,,,,,,,,,,,,,,,,,,,,,,,,,,,,,,,,,,,,,,,,,,,,775,775,775,772.5,775,850,850,925,928,940,968,955,961.5,950,939,931,945,967.5,960,969,1027,1024,1012,987,975,995,1040,1025,1071,1115,1102,1120,1087.5,1095,1102,1073,1031,1095,1162.5,1100,1145.5,1179,1230,1271.5,1293,1260.5,1296.5
"Quincy","MA","Boston","Norfolk",190,,,,,,,,,,,,,1200,1300,1300,1275,1300,1300,1397.5,1409.5,1400,1493,1414,1360,1399,1450,1458,1458,1500,1465,1591,1639,1694,1710.5,1545.5,1501.5,1495,1534,1530,1500,1465,1483,1490,1500,1452.5,1500,1484,1450,1459,1450,1505.5,1531,1550,1567,1585,1550,1550,1542,1501.5,1527.5,1539,1450,1475,1550,1550,1600,1600,1594,1585,1623,1627,1650,1633.5,1670,1700,1675,1667.5,1692,1610,1697.5,1600,1550,1550,1647,1694,1700,1700,1755,1789.5,1818,1875,1794
"Danbury","CT","Stamford","Fairfield",191,,,,,,,,,,,,,,,,,,,,,,,,,,,,,,,,,,,,,,,,,,,,,,,,,,,,,,,,,,,,,,,,,,,,,,,,,,1741.5,1818,1817,1620,1540,1541,1660,1602.5,1509.5,1462.5,1470,1562,1592,1597,1602,1625,1645,1620,1657
"Arden-Arcade","CA","Sacramento","Sacramento",192,,,,,,,,,,,,,,,,,,,,650,650,650,650,650,670,685,675,670,660,675,730,695,699,735,735,675,695,700,689,675,650,669,695,675,675,675,675,695,695,695,695,675,695,675,677.5,722.5,677.5,692.5,690,677.5,677.5,690,700,750,750,750,695,760,775,805,834,800,775,795,845,825,775,825,855,795,847.5,850,825,895,907,928.5,945,910,930,931,928,972.5
"Glen Burnie","MD","Baltimore","Anne Arundel",193,,,,,,,,,,,,,,,,,,,,,,,,,,,,,,,,,,,,,,,,,,,,,,,,,,,,,,,,,,,954.5,957,1047,985,975,988,1005,999,999,999,1005,1005,1027,1035,1030,1072.5,1097.5,1110,1160,1149,1100,1045,1066,1083.5,1075,1105,1140,1085,1080,1060,1075,1070,1095,1102.5
"Ashburn","VA","Washington","Loudoun",194,,,,,,,,,,,,,,,,,,,,,,,,,,,,,,,1379,1355,1335,1352.5,1307,1325,1318,1332,1366,1378.5,1393.5,1425,1455,1405,1375,1335,1329,1327,1330,1347.5,1365,1371,1394,1395,1499,1389,1340,1324.5,1347.5,1349,1340,1340,1344,1379,1370,1350,1358,1377,1346,1367,1309,1338,1354.5,1449,1472.5,1476,1483,1472.5,1398.5,1419,1400,1379,1392,1506.5,1571,1596,1614,1621,1599,1568,1535,1490
"Longmont","CO","Boulder","Boulder",195,,,,,,,,,,,,,,,,,,,,,,,,,,,,,,,,,,,,,,,,,,,,,,,,,,,,,,,,,,,,,,,,,,,,,,,,,,980.5,1075.5,1269,1208.5,1168.5,1182,1206,1181,1134,1165,1153,1224,1194,1264,1349,1327,1249.5,1289,1214.5
"Town 'n' Country","FL","Tampa","Hillsborough",196,,,,,,,,,,,,,,,,,,,,,,770,722.5,788,808.5,801,788,843,849,850,849,858,860.5,839,839,850,847,856.5,837,826.5,812,746.5,785,819,827,860,897.5,873.5,889,889,882,874,859.5,869,869,875,877,854.5,850,875,900,901.5,900,927,921,919,952,945,954.5,959,978.5,969,969,951.5,984,1019,1019,984,1067,1050,950,989,975,927,929,950,954,1031,1078,1035,1105,1025
"Evanston","IL","Chicago","Cook",197,,,,,,,,,,,,,,,,,,,,,,,,,,,,,,,,,,,,,,,,,,,,,,,,,,,,,,,,,,,,1181.5,1197.5,1150,1175,1175,1180,1150,1175,1189,1245,1295,1260,1295,1295,1272.5,1235,1225,1250,1225,1200,1225,1179,1215,1165,1205,1350,1360,1350,1365,1350,1350,1295,1325
"Pflugerville","TX","Austin","Travis",198,,,,,,,,,,,,,,,,,,,,,,,,,,,,,,,,,,,,,,,,,,,,,,,,,,,,,,,,,,,,,,,,,,,,,,,,,,,,,,,,949,919,850,904,925,961,1008,1033,1058,1030,1000,1057.5,1020
"Redmond","WA","Seattle","King",199,,,,,,,,,,,,,,,,,,,,,,,,,,,1375,1390,1360,1350,1365,1399,1247.5,1230,1207,1272,1325,1264,1345,1345,1434,1407.5,1392,1385,1400,1405,1455.5,1474,1472,1460,1455,1512.5,1582.5,1594.5,1650,1548,1509,1498.5,1480,1515,1531,1545,1568,1566,1585,1664,1665,1645,1660,1621.5,1610,1626.5,1692,1743.5,1753,1750,1725,1607,1692,1650,1635.5,1634.5,1655,1645,1703.5,1750,1788,1785,1799,1812,1775,1740.5
"Somerville","MA","Boston","Middlesex",200,,,,,,,,,,,,,,,,,,,,,,,,,,,,,,,,,,,,,1895,1875,1800,1600,1600,1650,1650,1700,1700,1650,1650,1650,1700,1700,1775,1700,1750,1850,1800,1800,1800,1825,1750,1700,1700,1800,1850,1850,1850,1900,1850,1800,1775,1750,1725,1800,1800,1895,1900,1950,1950,1900,1900,1950,1800,1900,1850,1900,2000,1900,1995,2000,2000,2000,1927.5,1900
"Wilmington","DE","Philadelphia","New Castle",201,,,,,,,,,,,,,,,,,,,,,,,,,,,,,,,,,,,,,,,,,,,,,,,,,,,,,,,,,,,1100,950,1021,985,1097,1108,1157,1090,1055,997,962.5,1050,925,995,975,1025,1025,1195.5,1113.5,1165,1099,1224,1119.5,950,1099,1110,1107.5,1145,1152,1114,1157,1150,1042.5,1050
"New Rochelle","NY","New York","Westchester",202,,,,,,,,,,,,,,,,,,,1350,1350,1350,1325,1300,1350,1589.5,1660,1782.5,1600,1650,1571.5,1623.5,1569,1700,1665,1730,1735,1770,1750,1695,1702.5,1695,1500,1450,1450,1450,1400,1399,1350,1375,1395,1395,1399,1400,1450,1450,1399,1400,1399,1399,1400,1450,1400,1400,1425,1462.5,1475,1485,1495,1500,1550,1500,1500,1575,1500,1500,1495,1550,1575,1595,1595,1525,1497.5,1562.5,1547.5,1595,1625,1595,1595,1650,1622.5,1750,1650
"La Mesa","CA","San Diego","San Diego",203,,,,,,,,,,,,,,,,,,,,,,,,,,,,,,,,,,,,,,,,,,,,,,,,,,,,,,,,,,,1275,1345,1262.5,1306,1275,1275,1480,1315.5,1350,1350,1350,1270,1250,1325,1437,1432,1376.5,1438.5,1475.5,1473,1503.5,1445,1450,1385,1425,1500,1495,1495,1450,1495,1495,1495,1495,1495
"Asheville","NC","Asheville","Buncombe",204,,,,,,,,,,,,,,,,,,,,,,,,,,,,,,,,,,,,,,,,,,,,,,,,,,,,,,,,,,,,,,,,,,,,,,,,,,,,,,,,899.5,890,975,825,899,950,950,945,965,940,950,970,930
"Framingham","MA","Boston","Middlesex",205,,,,,,,,,,,,,,,,,,,,,,,,,,,,,,,,,,,,,,,,,,,,,,,,,,,,,,,,,,,,,,,,,,,,,,,,,,,1538.5,1475,1435,1435,1474.5,1440,1400,1506,1400,1414.5,1462,1579,1550,1550,1535,1617,1600,1582.5
"Lauderhill","FL","Miami-Fort Lauderdale","Broward",206,,,,,,,,,,,,,750,750,750,750,757.5,797.5,800,800,800,800,800,790,800,800,800,762,775,800,825,850,850,830,830,800,825,827.5,850,850,825,850,825,850,825,825,800,800,825,837.5,850,850,850,850,825,850,855,885,875,850,850,900,850,875,895,895,892.5,900,900,900,900,900,900,950,882.5,950,997.5,950,950,900,900,980,1100,950,962.5,995,1000,1075,1050,1100,1012.5,1000
"Kirkland","WA","Seattle","King",207,,,,,,,,,,,,,,,,,,,,,,,,1150,999,990,975,1050,1007.5,1084,1029.5,1088,1250,1172.5,1100,1150,1218,1272.5,1330,1268.5,1405,1500,1445,1450.5,1493,1450,1493,1595,1511,1536,1575,1530,1700,1686.5,1610,1583.5,1602.5,1682.5,1590,1594,1575,1536.5,1582,1655,1730,1692.5,1732.5,1685,1625,1480,1578,1668.5,1700,1720,1722.5,1805,1849,1663.5,1694,1611,1770.5,1617,1777.5,1692,1741,1746,1843.5,1836.5,1824,1734,1736,1700
"Redondo Beach","CA","Los Angeles-Long Beach-Anaheim","Los Angeles",208,,,,,,,,,,,,,,,,,,,,,,,,,,,,,,,,,,,,,,,,,,,,,,,,,,,,,,,,,,,,,,,,,,,,,,,,,,2295,2175,1995,1875,2047.5,1812.5,1895,2195,2150,1895,1895,2100,1995,1995,1950,1950,1972.5,1950,1995
"Union City","NJ","New York","Hudson",209,,,,,,,,,,,,,,,,,,1200,1197.5,1195,1195,1275,1237.5,1200,1250,1250,1210,1195,1125,1195,1100,1150,1100,1100,1095,1100,1150,1150,1125,1250,1185,1100,1100,1150,1150,1150,1195,1150,1150,1172.5,1195,1275,1200,1225,1225,1195,1200,1212.5,1195,1250,1295,1295,1272.5,1250,1295,1295,1295,1295,1312.5,1325,1295,1295,1295,1295,1295,1350,1300,1297.5,1325,1350,1325,1297.5,1312.5,1350,1370,1395,1395,1395,1350,1395,1400,1395
"East Orange","NJ","New York","Essex",210,,,,,,,,,,,,,,,,,,,,,,,,,,,,,,,,,,,,,,,,,,,,,,,,,,,,,,,,,,,,,,,,,,,,,,,,,,,,,,995,1050,1100,1095,995,1100,1000,1050,1095,1100,1200,1237.5,1100,1095,1150
"Mount Vernon","NY","New York","Westchester",211,,,,,,,,,,,,,,,,,,1250,1250,1225,1250,1200,1200,1200,1200,1200,1200,1200,1250,1225,1200,1200,1200,1200,1300,1300,1300,1350,1250,1250,1300,1300,1250,1300,1250,1350,1325,1325,1312.5,1300,1300,1325,1325,1337.5,1325,1272.5,1337.5,1300,1312.5,1325,1350,1350,1350,1337.5,1312.5,1350,1350,1375,1395,1400,1400,1397.5,1350,1350,1395,1325,1350,1375,1350,1395,1387.5,1350,1400,1400,1400,1425,1425,1450,1450,1450,1475,1495
"Bethesda","MD","Washington","Montgomery",212,,,,,,,,,,,,,,,,,,,,,,2045,2045,2260,2273,2263,2160,2211,2275,2223,2250,2299,2499,2292,2295,2184,2271.5,2298,2256,2282.5,2285,2292.5,2238.5,2435,2380,2340,2127.5,2160,1841,1873,1937.5,2150,2330,2252.5,2130,2105,2030,1966.5,1990,2024,2050,2080,2210,2100,2199,2165,2150,2132.5,2094,2135,2097,2029,2120,2140,2170,2255,2311,1980,2145,2115,2077.5,2235,2230,2293,2296,2265,2252,2292,2180.5,2171,2273,2275
"Laguna Niguel","CA","Los Angeles-Long Beach-Anaheim","Orange",213,,,,,,,,,,,,,,,,,,,,,,,,,,,,,,,,,,,,,,,,,,,,,,,,,,,,,,,,,,,,,,,,,,,,,,,,,,,,1736,1865,1653,1747,1753,1715,1949.5,1723,1799.5,1877,1858,1850,1848,1886.5,1957,1903,1876
"Carmel","IN","Indianapolis","Hamilton",214,,,,,,,,,,,,,,,,,,,,,,,,,,,,,,,,,,,,,,,,,,,,,,,,,,,,,,,,,,,,,,987,907,877,850,842,884,907.5,874,895.5,920,924.5,879.5,892,900,900,872,858,865,874,874,855,874,954,954,974,985,972,908,949,949,964
"Hamden","CT","New Haven","New Haven",215,,,,,,,,,,,,,,,,,,,,,,,,,,,,,,,,,,,,,,,,,,,,,,,,,,,,,,1000,1025,1025,1025,1012.5,999.5,999.5,1000,1025,1085,1075,1140,1145,1195,1125,1125,1125,1125,1125,1125,1120,1115,1130,1120,1130,1200,1125,1130,1200,1115,1115,1075,1100,1115,1145,1125,1175,1155,1150
"Tamarac","FL","Miami-Fort Lauderdale","Broward",216,,,,,,,,,,,,,800,800,800,800,800,800,800,850,800,800,797,800,825,845,850,850,825,850,862.5,850,850,850,875,850,850,850,850,850,800,850,850,850,875,875,850,850,850,875,890,900,950,905,900,900,950,900,950,925,925,950,963,950,944,950,975,963,969,979,1000,1000,990,1000,1000,1000,1050,1050,1000,1094,1000,1050,1000,1050,1037.5,1050,1050,1100,1100,1100,1100,1140
"Waltham","MA","Boston","Middlesex",217,,,,,,,,,,,,,,,,,,,,1825,1805,1745,1710,1622,1630,1755,1775,1795,1780,1874,1865,1900,1997,1997,1942.5,1955,1997,1994,1997,1975,1997,1875,1858.5,1850,1750,1707.5,1695,1715,1687.5,1650,1650,1750,1785,1795,1775.5,1800,1752,1783,1786.5,1855,1795,1780,1866.5,1845,1815,1845,1880,1845,1797.5,1895,1875,1785,1789,1778,1775,1802.5,1812.5,1707.5,1932.5,1827.5,1785,1985,1993,1805,1852.5,1802.5,1715,1750,1897.5,1900,1930,1850
"Malden","MA","Boston","Middlesex",218,,,,,,,,,,,,,,,1267.5,1285,1355,1371,1382,1394,1393,1395,1399,1350,1389.5,1400,1400,1500,1500,1360,1500,1490,1606,1631,1560,1614.5,1606,1395,1395,1395,1395,1395,1400,1394,1350,1350,1350,1495,1495,1495,1495,1420,1450,1450,1494,1450,1493,1495,1400,1495,1450,1450,1450,1450,1450,1450,1450,1500,1500,1608,1475,1500,1500,1500,1500,1500,1500,1600,1595,1420,1500,1450,1500,1500,1550,1550,1600,1650,1700,1650,1650,1750
"Newport Beach","CA","Los Angeles-Long Beach-Anaheim","Orange",219,,,,,,,,,,,,,,,,,,,,,,,,,,,,,,,,,,,,,,,,,,,,,,,,,,,,,,,,,,2130,2165,2120,2110,2095,2050,2065,2200,2100,2127.5,2230,2310,2345,2330,2270,2290,2250,2245,2290,2200,2190,2360,2322.5,2290,2227.5,2210,2405,2260,2220,2150,2175,2215,2280,2190,2235
"Gaithersburg","MD","Washington","Montgomery",220,,,,,,,,,,,,,,,,,,,,,,,,,,,,,,1640,1353,1280,1285.5,1425,1515,1415,1480,1505,1495,1464,1495,1410,1470,1355,1335,1430,1595,1595,1315,1345,1365,1352,1395,1497.5,1550,1500,1505,1505,1491,1515,1482,1480,1446,1450,1431,1405,1410,1433,1422.5,1405,1394,1431,1425,1403,1416.5,1434,1331,1391,1385,1412.5,1399.5,1239,1330,1292.5,1425,1400,1350,1422,1399.5,1375,1380,1331
"San Clemente","CA","Los Angeles-Long Beach-Anaheim","Orange",221,,,,,,,,,,,,,,,,,,,,,,,,,,,,,,,,,,,,,,,,,,,,,,,,,,,,,,,,,,,,,,,,,,,,,,,,,,,,,1840,1901,1725.5,1734,1704,1717,1694,1660.5,1675,1807.5,1806,1789.5,1757,1788,1795,1768
"Bayonne","NJ","New York","Hudson",222,,,,,,,,,,,,,,,,,,,,,,,,,,,,,,,,,,,,,,,,,,,,,,,,,,,,,,,,,,,,,,,,,,,,,,,,,,,,,,1300,1195,1195,1150,1150,1195,1250,1250,1250,1247.5,1250,1250,1250,1200,1200
"White Plains","NY","New York","Westchester",223,,,,,,,,,,,,,,,,,,,,,,,,,,,,,,,,,,2100,2195,2200,2125,2150,2150,2100,2100,2095,2165,2200,2198,2036,2045,2000,2045,2000,2000,2140,2102,2100,2107,2105,1890,2100,2125,2240,2300,2100,2135,2200,1947.5,1950,2112.5,2200,2208,2147.5,2125,2100,2060,2000,2000,2025,2047.5,2015,2000,2050,2125,2047.5,1800,2022.5,2000,1937.5,2022.5,2115.5,2149,2200,2243,2302.5
"Medford","MA","Boston","Middlesex",224,,,,,,,,,,,,,,,,,,,,,,,,,,,,,,,,,,,,,,,,,,,,,,,,,,,,,,,,,,,,,,,,1495,1550,1650,1650,1750,1795,1750,1700,1550,1500,1600,1600,1650,1682.5,1800,1650,1600,1650,1597.5,1675,1675,1700,1575,1850,1995,1850,1850,1910,2024
"Deerfield Beach","FL","Miami-Fort Lauderdale","Broward",225,,,,,,,,,,,,,1100,1000,962.5,990,875,900,900,895,925,897,967.5,900,990,1032.5,1015,1095,1115,1150,1055,1110,1200,1145,1140,1090,1065,1062.5,1065,925,1000,1015,1050,1062.5,1050,1200,1075,1067.5,1000,1000,1025,1000,1000,1100,1197.5,1120,1155,1100,1037.5,1050,1100,1000,1000,1000,1025,1025,1000,1012.5,1000,1112.5,1217.5,1210,1110,1250,1200,1217.5,1037.5,1194.5,1145,1144,1075,1190,1272.5,1225,1225,1290,1294,1300,1297,1305,1319,1285
"Altamonte Springs","FL","Orlando","Seminole",226,,,,,,,,,,,,,,,,,,,690,690,690,690,720,770,750,730,720,710,700,735,729,720,725,734,727,727,729.5,772,761,764,758.5,700,715,700,690,695,719,745,750,725.5,728,775,770.5,757,750,750,750,745,740,750,750,750,750,765,750,795,816,820,842.5,869,874,897,890,904,929.5,849,905,897.5,895.5,953,865,890,883,950,958.5,945,957,982,983,1000,976,998
"Weymouth","MA","Boston","Norfolk",227,,,,,,,,,,,,,,,,,,,,,,,,,,,,,,,,,,,,,,,,,,,,,,,,,,,,,,,,,,,,,,,,,,,,,,,,,,,,,1621,1600,1639,1593,1529,1599.5,1550,1498,1586,1642,1602,1663.5,1744,1708,1650,1627
"Broomfield","CO","Denver","Broomfield",228,,,,,,,,,,,,,,,,,,,,,,,,,,,,,,,1058,1090,1070,1049.5,1040,1016,1055,1059,1112,1145,1123,1159,1167,1142.5,1167.5,1160,1171,1167.5,1175,1193.5,1210,1202.5,1199,1220,1210,1222,1200,1231,1227,1175,1175,1175,1175,1238,1249,1261,1274,1266,1279,1366,1359,1359,1369.5,1321.5,1327,1329.5,1358,1362,1334,1369.5,1340,1327,1280,1335,1364.5,1374,1389,1415,1430,1423,1429,1450
"Coconut Creek","FL","Miami-Fort Lauderdale","Broward",229,,,,,,,,,,,,,,,,,862.5,897.5,900,900,900,900,900,875,875,920,933.5,932.5,980,1000,925,950,953,995,995,1000,995,985,950,950,975.5,975,977.5,1000,1000,1000,1000,1000,1000,1000,1000,1000,1000,1000,1050,1001,1049.5,1050,1050,1049.5,1100,1100,1100,1100,1100,1070,1070,1100,1100,1100,1100,1122,1150,1195,1163,1176,1187,1195,1248,1199,1200.5,1200,1100,1200,1250,1252.5,1240,1272,1294,1330,1327.5,1282
"Delray Beach","FL","Miami-Fort Lauderdale","Palm Beach",230,,,,,,,,,,,,,,,925,925,925,1000,1000,1075,1150,1117,1100,1050,999.5,1020.5,1000,1050,1050,1050,1075,1087.5,1075,1030.5,1040.5,1036,1008,1029,1000,1040,1000,1050,1050,1096,1100,1125,1100,1100,1100,1100,1100,1125,1190,1150,1180,1140,1100,1150,1150,1100,1252.5,1286,1300,1250,1250,1300,1350,1391,1400,1395,1350,1295,1231.5,1250,1312.5,1250,1250,1350,1401,1543,1300,1400,1195,1400,1402,1445,1399.5,1445,1423,1450,1509,1497.5
"Rockville","MD","Washington","Montgomery",231,,,,,,,,,,,,,,,,,,,,,,1615,1672.5,1779,1575,1608,1745,1725,1702.5,1725,1745,1710,1685,1675,1711,1725,1735,1743.5,1663.5,1663,1709.5,1682.5,1760,1606.5,1611,1625.5,1601,1597,1644,1629,1635,1614,1637,1642.5,1534,1545,1514.5,1562,1555.5,1514.5,1571,1558,1577,1578,1616,1617,1617,1700,1670,1715,1675,1703.5,1745,1735,1747,1750,1775,1775,1649,1628,1640,1570,1689,1740,1685,1659,1669,1676,1689,1695.5,1660,1649
"The Hammocks","FL","Miami-Fort Lauderdale","Miami-Dade",232,,,,,,,,,,,,,,,,,,975,950,950,950,925,950,950,975,1000,1020,1035,1020,1035,1050,1022.5,1002.5,1002.5,982.5,1030,1025,1080,1050,1050,1050,1050,1042.5,1020,1099,1100,1050,1050,1050,1050,1097.5,1100,1100,1112.5,1135,1150,1150,1200,1200,1200,1175,1135,1200,1200,1200,1200,1225,1225,1255,1295,1250,1255,1230.5,1278,1300,1300,1300,1300,1300,1300,1300,1300,1262,1300,1301,1309.5,1308.5,1334,1331,1350,1314.5,1305.5
"Missoula","MT","Missoula","Missoula",233,,,,,,,,,,,,,,,,,,,,,,,,,,625,625,620,622.5,625,650,675,675,695,665,615,595,616.5,600,645,645,647.5,647.5,660,625,625,615,625,622.5,620,645,650,645,650,662.5,645,640,615,695,695,675,692.5,650,675,675,695,695,695,710,795,775,695,735,750,742.5,740,695,735,695,697.5,695,695,685,750,725,750,715,725,750,747.5,745,750
"West New York","NJ","New York","Hudson",234,,,,,,,,,,,,,,,,,,,,,,,,,,,,,,,,,,,,,,,,,,,,,,,,,,,,,,,,,,,,,,,,,,,,,,,,,,,,1550,1395,1275,1350,1395,1425,1395,1350,1450,1395,1395,1585,1495,1495,1595,1650,1600
"Euless","TX","Dallas-Fort Worth","Tarrant",235,,,,,,,,,,,,,,,,,,,,,,,,,,,,,,,,,,,,,,,,,,,,,,,,,,,,,,,,,,,,,,,,798,821.5,835,837.5,848,830,741,760,752,791,809,840,815,902.5,890,896,925,924,921,876,980,1015,981,988,1049,1005,1027,1050,1002.5
"Hoboken","NJ","New York","Hudson",236,,,,,,,,,,,,2150,2050,2200,2200,2237.5,2250,2100,2100,2166,2250,2370,2250,2350,2200,2190,2237.5,2200,2300,2261,2300,2400,2307.5,2300,2200,2250,2200,2350,2400,2300,2350,2300,2300,2210,2250,2300,2265.5,2172.5,2000,1995,2000,2200,2250,2200,2300,2300,2300,2300,2300,2250,2200,2150,2200,2200,2200,2300,2300,2350,2400,2350,2400,2400,2400,2450,2350,2200,2200,2280,2300,2300,2200,2100,2150,2170,2250,2250,2250,2300,2350,2350,2450,2400
"Brookline","MA","Boston","Norfolk",237,,,,,,,,,,,,,1825,1825,1700,1700,1700,1725,1775,1840,1840,1795,1825,1900,1825,1860,1835,1810,1835,1835,1835,1850,1835,1835,1857.5,1900,1925,1950,1950,1925,1900,1910,1930,1950,1975,1950,1950,1930,1915,1930,1950,1915,1950,1950,1950,1950,1950,1950,1965,1990,1950,1955,1995,2000,1995,1997.5,2000,2025,2005,2000,2050,2050,2010,2045,2050,2095,2065,2095,2050,2000,2050,1995,2158.5,2050,2095,2085,2100,2100,2100,2155,2165,2195
"North Miami","FL","Miami-Fort Lauderdale","Miami-Dade",238,,,,,,,,,,,,817.5,850,850,875,862.5,850,875,850,882.5,900,900,895,875,895,899.5,900,899.5,900,899,900,900,899.5,900,900,900,925,950,950,950,950,950,995,995,975,995,995,997,975,975,975,995,1000,1000,1000,1010,1000,1017.5,1000,1000,982.5,1000,1000,1090,1125,1200,1200,1100,1075,1150,1199.5,1200,1250,1200,1150,1150,1169.5,1125,1100,1050,1135,1195,1196.5,1200,1200,1200,1250,1200,1200,1200,1225,1225
"Revere","MA","Boston","Suffolk",239,,,,,,,,,,,,,,,,,,,,,,,,,,,,,,,,,,,,,,,,,,,,,,,,,,,,,,,,,,,,,,,,,,,,,,,,,,,,,,,1541,1500,1525,1476,1500,1550,1532,1500,1675,1676,1772,1749,1760,1775
"Mc Lean","VA","Washington","Fairfax",240,,,,,,,,,,,,,,,,,,,,,,,,,1545,1565,1622.5,1910,1799,1715,1700,1755,1835,1695,1695,1805,1850,1790,1681.5,1694.5,1707.5,1657,1600,1592.5,1650,1658.5,1760,1750,1750,1700,1773.5,1665,1765,1775,1675,1661.5,1672.5,1755,1745,1807.5,1965,1902,1750,1797.5,1795,1750,1754,1837.5,1743,1700,1726.5,1725,1725,1700,1700,1765,1898.5,1800,1700,1775,1693.5,1673,1830,1810,1885,2070,1950,1865,1860,1856.5,1900,1968
"Aliso Viejo","CA","Los Angeles-Long Beach-Anaheim","Orange",241,,,,,,,,,,,,,,,,,,,,,,,,,,,,,,,,,,,,,,,,,,,,,,,,,,,,,,,,,,,,,1628,1700.5,1703,1695,1705,1748,1720,1719,1692,1712,1703,1739,1725.5,1792.5,1772,1795,1795,1830,1795,1775,1756.5,1884,1900,1810,1905,1875,1910,1935,1935,1935,1945,1900
"Doral","FL","Miami-Fort Lauderdale","Miami-Dade",242,,,,,,,,,,,,1050,1050,1150,1200,1200,1200,1250,1200,1200,1200,1200,1200,1200,1200,1185,1200,1200,1250,1200,1225,1250,1225,1200,1200,1220,1200,1200,1200,1200,1200,1250,1237.5,1250,1250,1200,1225,1220,1220,1220,1250,1300,1300,1250,1300,1325,1300,1350,1340,1300,1300,1350,1350,1350,1350,1400,1500,1450,1400,1500,1515,1550,1550,1595,1485,1545,1460,1500,1450,1500,1475,1720,1522.5,1668.5,1650,1669.5,1639,1600,1650,1650,1600,1525
"North Bethesda","MD","Washington","Montgomery",243,,,,,,,,,,,,,,,,,,,,,,,,,,,,,,,,,,,,,,,,,,,,,,,,,,,,,,,,,,,,,,,,,,,,,,,,,,,,,1553,1663.5,1593,1715.5,1766,1665,1600,1675,1679,1817,1700,1751,1757,1733.5,1696,1700
"Charlottesville","VA","Charlottesville","Albemarle",244,,,,,,,,,,,,,,,,,,,,,,,,800,825,825,800,807,900,806,800,772.5,800,800,832.5,865,865,860,900,850,892.5,922.5,922.5,947.5,962.5,995,895,795,795,800,850,920.5,920,897,877.5,895,865,785,780,848,844,837.5,875,870,920,897.5,925,897,900,900,900,900,950,900,900,850,925,925,900,942.5,942,804.5,934,995,1000,995,975,975,1002.5,1035,1100,1114
"Arlington","MA","Boston","Middlesex",245,,,,,,,,,,,,,,,,,,,,,,,,,,,,,,,,,,,,,1425,1400,1400,1400,1375,1375,1395,1375,1375,1400,1400,1400,1400,1400,1400,1400,1450,1450,1450,1450,1417.5,1410,1400,1400,1400,1425,1450,1462.5,1495,1550,1550,1495,1495,1450,1495,1500,1550,1495,1550,1550,1550,1600,1550,1500,1500,1500,1500,1550,1600,1600,1600,1600,1650,1650,1625,1650
"Oakland Park","FL","Miami-Fort Lauderdale","Broward",246,,,,,,,,,,,,,745,750,800,821,800,799,800,850,850,805,825,812.5,802.5,825,825,825,850,850,840,825,825,825,850,850,850,850,850,850,850,850,850,867.5,850,850,862.5,875,895,897.5,900,900,900,925,900,900,900,950,975,950,975,950,950,975,982.5,975,975,975,1000,1000,1032.5,997.5,1010,1000,1000,1050,1000,1000,1050,970,1025,1050,1040,997.5,995,1005,1047.5,1100,1100,1100,1100,1075
"Dunwoody","GA","Atlanta","Dekalb",247,,,,,,,,,,,,,,,,,,,,,890,890,859,894.5,959,947,925,965,975,978,945,998,1048,1011,991,947,963,995,995,1011,995,999,973,985,1029,1050,1003,955,959,955,979,1065,1135,1120,1125,1165,1110,1127,1105,1118,1110,1085,1073,1097.5,1116.5,1109,1165,1160,1160,1146,1160,1220,1219.5,1220,1249.5,1240,1227.5,1240,1214.5,1179,1215,1240,1173,1235,1257,1242.5,1269,1275,1309,1289.5,1355,1330
"Grapevine","TX","Dallas-Fort Worth","Tarrant",248,,,,,,,,,,,,,,,,,,,,,817,830,795,830,900,905,830,941,965,864,908,908,975,985,982.5,911.5,929.5,923,944.5,956,983,1021,1023,940,985,969,979,999,1077,1059,1087,1094,1064.5,1039,1029,1055,1069.5,1059,1045,1056,1053,1044.5,1100,1169,1200,1169,1164.5,1183,1179,1166,1159,1119,1134,1199,1199,1219,1299,1279,1229,1289,1179,1194,1226.5,1274,1259,1200,1269,1315,1310,1322.5,1319.5,1310
"Sarasota","FL","North Port-Sarasota-Bradenton","Sarasota",249,,,,,,,,,,,,,,,,,,,,,,,,,,,,,,,,,,,,,,,,,,,,,,,,,,,,,,,,,,,,,,,,,,,,,,,1373,1250,1249,1245,1173,1222.5,1142.5,1121.5,1135,1180.5,1173,1210,1147,1216,1227.5,1250,1222,1226,1203,1211,1299,1195
"Palm Beach Gardens","FL","Miami-Fort Lauderdale","Palm Beach",250,,,,,,,,,,,,,,,,,999.5,1000,975,985,1012,1087.5,1095,1030,1035,1080,1050,1050,1077.5,1080,1080,1080,1100,1100,1100,1100,1100,1052,1091.5,1100,1110,1100,1100,1142.5,1200,1100,1200,1200,1200,1200,1200,1197.5,1222.5,1225,1200,1200,1250,1200,1250,1250,1290,1267.5,1255,1250,1250,1250,1250,1250,1275,1300,1350,1334.5,1296,1300,1350,1312.5,1300,1299,1301,1353,1350,1300,1300,1350,1390,1395,1400,1350,1365,1351,1395,1358.5
"Brookhaven","GA","Atlanta","Dekalb",251,,,,,,,,,,,,,,,,,,,,,,,,,,,,,,,,,999,940.5,957,972,917.5,950,967,1010,1000,977,950,969,1092.5,1090,1045,1065,1045,1081,1272.5,1272.5,1202.5,1297,1299,1275,1142.5,1110,1107.5,1120,1120,1100,1115,1245,1225,1265,1280,1265,1189,1140,1146,1294,1247.5,1330,1353.5,1358,1260,1308.5,1257,1385,1283.5,1314,1208.5,1357.5,1365,1367.5,1366,1403,1432,1430,1420,1375
"Hallandale","FL","Miami-Fort Lauderdale","Broward",252,,,,,,,,,,,,,1100,1150,1150,1150,1100,1150,1199.5,1200,1200,1200,1250,1250,1300,1275,1200,1250,1200,1200,1250,1250,1250,1297,1300,1399,1299,1275,1250,1250,1299,1350,1325,1375,1395,1350,1350.5,1350,1350,1350,1350,1400,1375,1400,1400,1425,1450,1450,1495,1497.5,1500,1500,1495,1500,1500,1500,1500,1450,1500,1499.5,1495,1497.5,1499.5,1500,1450,1425,1500,1399,1400,1500,1417.5,1600,1387.5,1450,1450,1450,1423.5,1450,1400,1400,1490,1500
"Fishers","IN","Indianapolis","Hamilton",253,,,,,,,,,,,,,,,,,,,,,,,,,,,,,,,,,,,,,,,,,,,,,,,,,,,,,,,,,,,,,,,879,879,879,849,849,846.5,844,899,824,844,849,827,810,805,810,805,810,847,899,901.5,899,850,847,837,842,845,840,845,852.5,899
"Chelsea","MA","Boston","Suffolk",254,,,,,,,,,,,,,,,,,,,,,,,,,,,,,,,,,,,,,,,,,,,,,,,,,,,,,,,,,,,,,,,,,,,,,,,,,,,,,,1637.5,1700,1747.5,1746,1650,1550,1550,1600,1600,1587.5,1650,1675,1650,1744.5,1885
"Woburn","MA","Boston","Middlesex",255,,,,,,,,,,,,,,,,,,,,,,,,1491,1417.5,1395,1295,1392,1395,1297.5,1295,1295,1395,1395,1395,1474,1350,1300,1295,1295,1300,1295,1295,1295,1295,1295,1275,1295,1325,1325,1325,1325,1325,1325,1397.5,1395,1445,1395,1377.5,1275,1275,1300,1275,1325,1325,1395,1375,1337.5,1325,1325,1395,1400,1395,1450,1400,1450,1450,1395,1325,1325,1425,1375,1395,1400,1450,1425,1450,1450,1500,1495,1495,1554
"Hurst","TX","Dallas-Fort Worth","Tarrant",256,,,,,,,,,,,,,,,,,,,,,,,,,,,,,,,,,,,,,,,,,,,,,,,,,,,,,,,,,,,,,,,628.5,625,675,682,667,701,713,713.5,699,699,703,738.5,756,752.5,725.5,713,708,736,731,749,720.5,737,756,757.5,757.5,784,810,799,790,784
"West Hollywood","CA","Los Angeles-Long Beach-Anaheim","Los Angeles",257,,,,,,,,,,,,,,,,,,,,,,,,,,,,,,,2098,1997.5,1965,1904,1850,1900,1900,1850,1850,1975,1895,1950,1799.5,1925,1995,1850,1895,1895,1850,1896.5,1895,2109,2235,2250,2100,2150,2150,2100,2172.5,2000,2222.5,1995,2045,2295,2350,2400,2295,2300,2250,2175,2295,2450,2551,2600,2600,2495,2295,2500,2199,2350,2195,2397.5,2275,2535,2397.5,2397.5,2415,2489,2495,2497.5,2465,2450
"Aventura","FL","Miami-Fort Lauderdale","Miami-Dade",258,,,,,,,,,,1300,1382.5,1300,1320,1300,1300,1350,1323,1300,1350,1390,1400,1400,1400,1400,1450,1420,1400,1450,1430,1400,1450,1450,1450,1450,1450,1450,1490,1500,1500,1497.5,1475,1500,1500,1500,1550,1550,1550,1550,1579.5,1555,1550,1500,1565,1590,1575,1550,1600,1600,1600,1650,1650,1650,1650,1650,1650,1622.5,1600,1604.5,1600,1600,1600,1662.5,1650,1700,1650,1600,1600,1563,1600,1567,1590,1550,1550,1598,1600,1600,1600,1635,1650,1650,1650,1614
"Englewood","CO","Denver","Arapahoe",259,,,,,,,,,,,,,,,,,,,,,,,,,,,,,,,,,,,,,,,,,,,,,,,,,,,,,,,,,,,,,,,,,1115,1030,1040,1090,1140,1230,1232,1250,1256,1266.5,1239,1294.5,1270,1248.5,1238,1239.5,1193,1177,1220,1415,1380,1395,1472.5,1410.5,1381,1369.5,1405,1493
"Foster City","CA","San Francisco","San Mateo",260,,,,,,,,,,,,,,,,,,,,,,,,,,,,,,,,,,,,,,,,,,,,,,,,,,,,,,,,,,,,,,2563,2559,2600.5,2650.5,2683.5,2680,2655,2678,2699.5,2806.5,2783,2783,2828,2873,2741,2785,2779,2815.5,2668,2667,2707.5,2725.5,2791,2868,2899,2968,2968,2865.5,2951,2916,2900
"North Miami Beach","FL","Miami-Fort Lauderdale","Miami-Dade",261,,,,,,,,,,,,850,875,875,900,875,875,900,879,875,900,925,925,912.5,1000,970,925,925,900,900,900,900,925,917.5,900,900,900,900,925,925,950,962.5,950,900,900,900,917.5,950,975,1000,1000,1000,980,992.5,1050,1050,1100,1100,1100,1095,1100,1250,1200,1111,1111,1100,1100,1111,1150,1100,1100,1100,1180,1150,1195,1195,1200,1172.5,1200,1142.5,1200,1200,1190,1200,1200,1200,1100,1200,1200,1200,1200,1200
"Long Beach","NY","New York","Nassau",262,,,,,,,,,,,,,,,,,,,,,,1500,1500,1550,1600,1650,1675,1650,1650,1600,1700,1650,1650,1737.5,1800,1750,1700,1750,1700,1700,1700,1700,1650,1650,1650,1650,1637.5,1597.5,1600,1600,1600,1750,1750,1750,1750,1797.5,1785,1675,1725,1800,1765,1775,1775,1782.5,1800,1850,1865,1850,1775,1800,1850,1797.5,1785,1850,1850,1950,1897.5,1900,1800,1795,1797.5,1800,1800,1850,1900,1900,1912.5,1890,1875,1937.5,1900,1900
"Watertown","MA","Boston","Middlesex",263,,,,,,,,,,,,,,,,,,,,,,,,,,,,,,,,,,,,,,,,,,,,,1650,1650,1750,1650,1650,1600,1650,1700,1900,1890,1800,1750,1600,1650,1697.5,1890,2030,1900,1900,1890,1900,1900,1900,2000,2048.5,1900,1800,1900,1870,1936,1900,1850,1850,1700,1700,1800,1800,1695,1812.5,2015.5,2109,2070,1900,1890,1890,1890,2195,2050
"Laguna Beach","CA","Los Angeles-Long Beach-Anaheim","Orange",264,,,,,,,,,,,,,,,,,,,,,,,,,,,,,,,,,,,,,,,,,,,,,,,,,2275,2350,2395,2250,2500,2675,2850,2595,2497.5,2595,2500,2595,2495,2500,2600,2672.5,2695,2995,2900,2795,2595,2547.5,2500,2500,2695,2697.5,2695,2695,2995,2975,2772.5,2650,2725,2675,2500,2875,2922.5,2850,2697.5,2950,2600,2500,2595,2750
"Sunny Isles Beach","FL","Miami-Fort Lauderdale","Miami-Dade",265,,,,,,,,,,,1400,1300,1200,1250,1250,1250,1270,1299,1300,1300,1300,1350,1350,1350,1350,1450,1500,1550,1500,1500,1435,1450,1450,1500,1500,1500,1475,1450,1475,1500,1575,1600,1550,1550,1590,1500,1500,1525,1550,1550,1550,1592.5,1585,1600,1600,1600,1600,1700,1650,1700,1700,1800,1900,1900,1800,1800,1800,1725,1737.5,1850,1900,1855,1750,1800,1750,1650,1850,1600,1700,1750,1745,1732.5,1700,1600,1662.5,1800,1700,1650,1650,1690,1750,1712.5
"Ypsilanti","MI","Ann Arbor","Washtenaw",266,,,,,,,,,,,,,,,,,,,,,,,,,,,,,,,,,,,,,,,,,,,,,,,,,,,,,,,,,,,,,637.5,645,709,729,700,719,729,800,799,789,794,727,675,695,732,750,710,725,757,759,789,759,769,765,705,725,735,735,769,779,782,889
"Plainsboro Township","NJ","New York","Middlesex",267,,,,,,,,,,,,,,,,,,,,,,,,,,,,,,,,,,,,,,,,,,,,,,,,,,,,,,,,,,,,,,,,,,,,,,,,,,,,,1227.5,1215,1285,1280,1212.5,1215,1200,1277.5,1335,1295,1377.5,1435,1433,1370,1415,1370
"Weehawken","NJ","New York","Hudson",268,,,,,,,,,,,,,,,,,,,,,,,,,,,,,,,,,,,,,,,,,,,,,,,,,,,,,,,,,,,,,,,,,,,,,,,,,,,,,,,,,2475,2440,2280,2449,2410,2464.5,2430,2420,2490,2520,2462,2457
"Town of Islip","NY","New York","Suffolk",269,,,,,,,,,,,,,,1291,1350,1295,1350,1350,1360,1355,1365,1385,1380,1400,1425,1410,1390,1430,1400,1395,1420,1400,1395,1425,1405,1350,1389,1415,1450,1400,1300,1400,1450,1480,1495,1497.5,1495,1469,1470,1450,1435,1495,1495,1495,1510,1525,1525,1525,1445,1447.5,1470,1500,1500,1462.5,1480,1500,1500,1500,1412.5,1487.5,1522,1422.5,1450,1555,1575,1572.5,1655,1600,1635,1549,1640,1642,1645,1683,1680,1697.5,1695,1701,1745,1760,1766,1770
"Jollyville","TX","Austin","Williamson",270,,,,,,,,,,,,,,,,,,,,,,,,,,,,,,,,,,,,,,,,,,,,,,,,,,,,,,,,,,,,,,,,,,,,,,839.5,835,838,835,834.5,835,833,849,849,815,849.5,830,827,812.5,813,816,870.5,892,883,875,873,878.5,870
"Marina del Rey","CA","Los Angeles-Long Beach-Anaheim","Los Angeles",271,,,,,,,,,,,,,,,,,,,,,,,,,,,,,,,,,2490,2461.5,2475.5,2500,2350,2333,2397.5,2352,2408,2350,2350,2500,2500,2375,2500,2500,2585,2590,2650,2683.5,2625,2600,2550,2675,2717.5,2735,2710,2780,2850,2822.5,2850,2727.5,2795,2795,2860,2850,2870,2837.5,2850,2850,2850,2850,2800,2800,2844,2495,2665,2885,2900,2867.5,2827,3079.5,3082.5,3108,3255,3241.5,3190.5,3128,3153,3251
"Huntington","VA","Washington","Fairfax",272,,,,,,,,,,,,,,,,,,,,,,,,,,,,,,,,,,,,,,,,,,,,,,,,1620,1600,1549,1525,1549,1438,1499,1512.5,1500,1467.5,1475,1500,1500,1500,1585,1564.5,1572.5,1700,1650,1592.5,1700,1699,1466.5,1407,1479,1549,1476,1625,1667.5,1700,1500,1635,1432,1573,1549,1500,1590,1655,1713,1678,1650,1650,1600,1637,1531
"Addison","TX","Dallas-Fort Worth","Dallas",273,,,,,,,,,,,,,,,,,,,,,,,,,,,,,,,,,,,,,,,,,,1076,900,1015,1015,1010,1004.5,1087,1084,1097,1122.5,1082,1135,1097.5,1035,1067,1069,1125,1112,1122,1117,1117,1184,1183,1193,1144,1193,1171.5,1160.5,1172,1089,1140,1255,1245,1191,1248,1223,1099,1205,1229,1249,1211,1140,1280,1281,1203.5,1204,1251,1258,1269.5,1271.5,1260
"Surfside","FL","Miami-Fort Lauderdale","Miami-Dade",274,,,,,,,,,,,,,,,,,,,,,,,,,,,,,,,,,,,,,,,,,,,,,,,,,,,,,,,,,,,,,,,,,,,,,,,,,,,,,,,,1775,1800,1900,1799,1825,1850,1750,1750,1800,1850,1800,1800,1800
"Bay Harbor Islands","FL","Miami-Fort Lauderdale","Miami-Dade",275,,,,,,,,,,,,,,,,,,,,,,,,,,,,,,,,,,,,,,,,,,,,,,,,,,,,,,,,,,,,,,,,,,,,,,,,,,,,,,,,1400,1500,1490,1537.5,1450,1590,1550,1500,1450,1450,1525,1537.5,1500
"Henrico","VA","Richmond","Henrico",276,,,,,,,,,,,,,,,,,,,,,,,,,,,,,,,,,,,,,,,,,,,,,,,,,,,,,,,,,,,,,,,,,,,,,,,,,,,,,,,959.5,892,886,883,861.5,909.5,1025,1075,1000,1064,1022.5,1066,1000,1000
